entry_id,source_db,accession,organism,taxonomy_id,protein_name,gene_name,full_sequence,sp_sequence,sp_start,sp_end,sp_length,sp_type,cleavage_site_motif,evidence_method,viral_subtype,viral_host,hydrophobicity_mean,net_charge_ph7,n_region,h_region,c_region,all_accessions,duplicate_count,query_group,date_retrieved
P0DOK0,UniProt,,Sindbis virus,11034,Frameshifted structural polyprotein [Assembly protein E3],,MNRGFFNMLGRRPFPAPTAMWRPRRRRQAAPMPARNGLASQIQQLTTAVSALVIGQATRPQPPRPRPPPRQKKQAPKQPPKPKKPKTQEKKKKQPAKPKPGKRQRMALKLEADRLFDVKNEDGDVIGHALAMEGKVMKPLHVKGTIDHPVLSKLKFTKSSAYDMEFAQLPVNMRSEAFTYTSEHPEGFYNWHHGAVQYSGGRFTIPRGVGGRGDSGRPIMDNSGRVVAIVLGGADEGTRTALSVVTWNSKGKTIKTTPEGTEEWSAAPLVTAMCLLGNVSFPCDRPPTCYTREPSRALDILEENVNHEAYDTLLNAILRCGSSGRSKRSVIDDFTLTSPYLGTCSYCHHTVPCFSPVKIEQVWDEADDNTIRIQTSAQFGYDQSGAASANKYRYMSLKQDHTVKEGTMDDIKISTSGPCRRLSYKGYFLLAKCPPGDSVTVSIVSSNSATSCTLARKIKPKFVGREKYDLPPVHGKKIPCTVYDRLKETTAGYITMHRPRPHAYTSYLEESSGKVYAKPPSGKNITYECKCGDYKTGTVSTRTEITGCTAIKQCVAYKSDQTKWVFNSPDLIRHDDHTAQGKLHLPFKLIPSTCMVPVAHAPNVIHGFKHISLQLDTDHLTLLTTRRLGANPEPTTEWIVGKTVRNFTVDRDGLEYIWGNHEPVRVYAQESAPGDPHGWPHEIVQHYYHRHPVYTILAVASATVAMMIGVTVAVLCACKARRECLTPYALAPNAVIPTSLALLCCVRSANAETFTETMSYLWSNSQPFFWVQLCIPLAAFIVLMRCCSCCLPFLSGCRRLPGEGRRLRTCDHCSKCATDTV,SAAPLVTAMCLLGNVSFPCDRPPTCYTREPSRALDILEENVNHEAYDTLLNAILRCGSSGRSKR,265,328,64,type1_cleaved,SKR-SVI,curated_annotation,SINV,,-0.227,0.1,SA,APLVTAMCLLGNVSFPCDRPPTCYTREPSRALDILEENVNHEAYDTLLNAILR,CGSSGRSKR,P03316|P0DOK0,2,alphavirus_E3,2026-02-17
P0DOK1,UniProt,,Chikungunya virus (strain S27-African prototype),371094,Frameshifted structural polyprotein [Assembly protein E3],,MEFIPTQTFYNRRYQPRPWTPRPTIQVIRPRPRPQRQAGQLAQLISAVNKLTMRAVPQQKPRKNRKNKKQKQKQQAPQNNTNQKKQPPKKKPAQKKKKPGRRERMCMKIENDCIFEVKHEGKVTGYACLVGDKVMKPAHVKGTIDNADLAKLAFKRSSKYDLECAQIPVHMKSDASKFTHEKPEGYYNWHHGAVQYSGGRFTIPTGAGKPGDSGRPIFDNKGRVVAIVLGGANEGARTALSVVTWNKDIVTKITPEGAEEWSLAIPVMCLLANTTFPCSQPPCIPCCYEKEPEETLRMLEDNVMRPGYYQLLQASLTCSPHRQRRSTKDNFNVYKATRPYLAHCPDCGEGHSCHSPVALERIRNEATDGTLKIQVSLQIGIGTDDSHDWTKLRYMDNHIPADAGRAGLFVRTSAPCTITGTMGHFILARCPKGETLTVGFTDSRKISHSCTHPFHHDPPVIGREKFHSRPQHGKELPCSTYVQSNAATAEEIEVHMPPDTPDRTLLSQQSGNVKITVNSQTVRYKCNCGGSNEGLITTDKVINNCKVDQCHAAVTNHKKWQYNSPLVPRNAELGDRKGKIHIPFPLANVTCMVPKARNPTVTYGKNQVIMLLYPDHPTLLSYRSMGEEPNYQEEWVTHKKEVVLTVPTEGLEVTWGNNEPYKYWPQLSANGTAHGHPHEIILYYYELYPTMTVVVVSVASFILLSMVGMAVGMCMCARRRCITPYELTPGATVPFLLSLICCIRTAKAATYQEAAVYLWNEQQPLFWLQALIPLAALIVLCNCLRLLPCCCKTLAFLSRNEHRCPHCERVRTRNSDPEHGGSTV,SLAIPVMCLLANTTFPCSQPPCIPCCYEKEPEETLRMLEDNVMRPGYYQLLQASLTCSPHRQRR,262,325,64,type1_cleaved,QRR-STK,curated_annotation,CHIKV,,-0.281,0.1,S,SLAIPVMCLLANTTFPCSQPPCIPCCYEKEPEETLRMLEDNVMRPGYYQLLQASLTC,SPHRQRR,P0DOK1|Q8JUX5,2,alphavirus_E3,2026-02-17
P27284,UniProt,,Eastern equine encephalitis virus (strain va33[ten broeck]),11022,Structural polyprotein [Assembly protein E3],,MFPYPTLNYPPMAPINPMAYRDPNPPRQVAPFRPPLAAQIEDLRRSIANLTLKQRAPNPPAGPPAKRKKPAPKPKPAQAKKKRPPPPAKKQKRKPKPGKRQRMCMKLESDKTFPIMLNGQVNGYACVVGGRVFKPLHVEGRIDNEQLAAIKLKKASIYDLEYGDVPQCMKSDTLQYTSDKPPGFYNWHHGAVQYENNRFTVPRGVGGKGDSGRPILDNKGRVVAIVLGGVNEGSRTALSVVTWNQKGVTVKDTPEGSEPWSLATVMCVLANITFPCDQPPCMPCCYEKNPHETLTMLEQNYDSRAYDQLLDAAVKCNARRTRRDLDTHFTQYKLARPYIADCPNCGHSRCDSPIAIEEVRGDAHAGVIRIQTSAMFGLKTDGVDLAYMSFMNGKTQKSIKIDNLHVRTSAPCSLVSHHGYYILAQCPPGDTVTVGFHDGPNRHTCTVAHKVEFRPVGREKYRHPPEHGVELPCNRYTHKRADQGHYVEMHQPGLVADHSLLSIHSAKVKITVPSGAQVKYYCKCPDVREGITSSDHTTTCTDVKQCRAYLIGNKKWVYNSGRLPRGEGDTFKGKLHVPFVPVKAKCIATLAPEPLVEHKHRTLILHLHPDHPTLLTTRSLGSDANPTRQWIERPTTVNFTVTGEGLEYTWGNHPPKRVWAQESGEGNPHGWPHEVVVYYYNRYPLTTIIGLCTCVAIIMVSCVHPCGSFAGLRNLCITPYKLAPNAQVPILLALLCCIKPTRADDTLQVLNYLWNNNQNFFWMQTLIPLAALIVCMRIVRCLFCCGPAFLLVCGAWAAAYEHTAVMPNKVGIPYKALVERPGYAPVHLQIQLVNTSIIPSTNLEYITCKYKTKVPSPVVKCCGATQCTSKPHPDYQCQVFTGVYPFMWGGAYCFCDTENTQMSEAYVERSEECSIDHAKAYKVHTGTVQAMVNITYGSVSWRSADVYVNGETPAKIGDAKLIIGPLSSAWSPFDNKVVVYGHEVYNYDFPEYGTGKAGSFGDLQSRTSTSNDLYANTNLKLQRPQAGIVHTPFTQAPSGFERWKRDKGAPLNDVAPFGCSIALEPLRAENCAVGSIPISIDIPDAAFTRISETPTVSDLECKITECTYASDFGGIATLPTNPVKQETVQFILHQVLQLLKRMTSPLLRAGSFTFHFSTANIHPAFKLQVCTSGVTCKGDCKPPKDHIVDYPAQHTESFTSAISATAWSWLKVLVGGTSAFIVLGLIATAVVALVLFFHRH,SLATVMCVLANITFPCDQPPCMPCCYEKNPHETLTMLEQNYDSRAYDQLLDAAVKCNARRTRR,261,323,63,type1_cleaved,TRR-DLD,curated_annotation,EEEV,,-0.402,0.1,S,SLATVMCVLANITFPCDQPPCMPCCYEKNPHETLTMLEQNYDSRAYDQLLDAAV,KCNARRTRR,P08768|P27284|Q4QXJ7,3,alphavirus_E3,2026-02-17
P27284,UniProt,,Eastern equine encephalitis virus (strain va33[ten broeck]),11022,Structural polyprotein [6K protein],,MFPYPTLNYPPMAPINPMAYRDPNPPRQVAPFRPPLAAQIEDLRRSIANLTLKQRAPNPPAGPPAKRKKPAPKPKPAQAKKKRPPPPAKKQKRKPKPGKRQRMCMKLESDKTFPIMLNGQVNGYACVVGGRVFKPLHVEGRIDNEQLAAIKLKKASIYDLEYGDVPQCMKSDTLQYTSDKPPGFYNWHHGAVQYENNRFTVPRGVGGKGDSGRPILDNKGRVVAIVLGGVNEGSRTALSVVTWNQKGVTVKDTPEGSEPWSLATVMCVLANITFPCDQPPCMPCCYEKNPHETLTMLEQNYDSRAYDQLLDAAVKCNARRTRRDLDTHFTQYKLARPYIADCPNCGHSRCDSPIAIEEVRGDAHAGVIRIQTSAMFGLKTDGVDLAYMSFMNGKTQKSIKIDNLHVRTSAPCSLVSHHGYYILAQCPPGDTVTVGFHDGPNRHTCTVAHKVEFRPVGREKYRHPPEHGVELPCNRYTHKRADQGHYVEMHQPGLVADHSLLSIHSAKVKITVPSGAQVKYYCKCPDVREGITSSDHTTTCTDVKQCRAYLIGNKKWVYNSGRLPRGEGDTFKGKLHVPFVPVKAKCIATLAPEPLVEHKHRTLILHLHPDHPTLLTTRSLGSDANPTRQWIERPTTVNFTVTGEGLEYTWGNHPPKRVWAQESGEGNPHGWPHEVVVYYYNRYPLTTIIGLCTCVAIIMVSCVHPCGSFAGLRNLCITPYKLAPNAQVPILLALLCCIKPTRADDTLQVLNYLWNNNQNFFWMQTLIPLAALIVCMRIVRCLFCCGPAFLLVCGAWAAAYEHTAVMPNKVGIPYKALVERPGYAPVHLQIQLVNTSIIPSTNLEYITCKYKTKVPSPVVKCCGATQCTSKPHPDYQCQVFTGVYPFMWGGAYCFCDTENTQMSEAYVERSEECSIDHAKAYKVHTGTVQAMVNITYGSVSWRSADVYVNGETPAKIGDAKLIIGPLSSAWSPFDNKVVVYGHEVYNYDFPEYGTGKAGSFGDLQSRTSTSNDLYANTNLKLQRPQAGIVHTPFTQAPSGFERWKRDKGAPLNDVAPFGCSIALEPLRAENCAVGSIPISIDIPDAAFTRISETPTVSDLECKITECTYASDFGGIATLPTNPVKQETVQFILHQVLQLLKRMTSPLLRAGSFTFHFSTANIHPAFKLQVCTSGVTCKGDCKPPKDHIVDYPAQHTESFTSAISATAWSWLKVLVGGTSAFIVLGLIATAVVALVLFFHRH,DDTLQVLNYLWNNNQNFFWMQTLIPLAALIVCMRIVRCLFCCGPAFLLVCGAWAAA,744,799,56,type1_cleaved,AAA-YEH,curated_annotation,EEEV,,0.914,0.0,DDT,LQVLNYLWNNNQNFFWMQTLIPLAALIVCMRIVRCLFCCGPAFLLVCGAWAA,A,P27284,1,alphavirus_E3,2026-02-17
P36329,UniProt,,Venezuelan equine encephalitis virus (strain 3880),36382,Structural polyprotein [Assembly protein E3],,MFPFQPMYPMQPMPYRNPFAAPRRPWFPRTDPFLAMQVQELTRSMANLTFKQRREAPPEGPPAKKPKREAPQKQKGGGQGKKKKNQGKKKAKTGPPNPKAQNGNKKKTNKKPGKRQRMVMKLESDKTFPIMLEGKINGYACVVGGKLFRPMHVEGKIDNDVLAALKTKKASKYDLEYADVPQNMRADTFKYTHEKPQGYYSWHHGAVQYENGRFTVPKGVGAKGDSGRPILDNQGRVVAIVLGGVNEGSRTALSVVMWNEKGVTVKYTPENCEQWSLVTTMCLLANVTFPCAQPPICYDRKPAETLAMLSVNVDNPGYDELLEAAVKCPGRKRRSTEELFKEYKLTRPYMARCIRCAVGSCHSPIAIEAVKSDGHDGYVRLQTSSQYGLDSSGNLKGRTMRYDMHGTIEEIPLHQVSLHTSRPCHIVDGHGYFLLARCPAGDSITMEFKKDAVTHSCSVPYEVKFNPVGRELYTHPPEHGAEQACQVYAHDAQNRGAYVEMHLPGSEVDSSLVSLSGSSVTVTPPAGTSALVECECGGTKISETINTAKQFSQCTKKEQCRAYRLQNDKWVYNSDKLPKAAGATLKGKLHVPFLLADGKCTVPLAPEPMITFGFRSVSLKLHPKNPTYLTTRQLADEPHYTHELISEPVVRNFSVTEKGWEFVWGNHPPKRFWAQETAPGNPHGLPHEVITHYYHRYPMSTILGLSICAAIVTVSIAASTWLLCKSRVSCLTPYRLTPNARMPLCLAVLCCARTARAETTWESLDHLWNNNQQMFWIQLLIPLAALIVVTRLLRCVCCVVPFLVVAGAAGAGAYEHATTMPSQAGIPYNTIVNRAGYAPLPISITPTKIKLIPTVNLEYVTCHYKTGMDSPAIKCCGSQECTPTYRPDEQCKVFTGVYPFMWGGAYCFCDTENTQVSKAYVMKSDDCLADHAEAYKAHTASVQAFLNITVGEHSIVTTVYVNGETPVNFNGVKLTAGPLSTAWTPFDRKIVQYAGEIYNYDFPEYGAGQPGAFGDIQSRTVSSSDLYANTNLVLQRPKAGAIHVPYTQAPSGFEQWKKDKAPSLKFTAPFGCEIYTNPIRAENCAVGSIPLAFDIPDALFTRVSETPTLSAAECTLNECVYSSDFGGIATVKYSASKSGKCAVHVPSGTATLKEAAIELAEQGSATIHFSTANIHPEFRLQICTSYVTCKGDCHPPKDHIVTHPQYHAQTFTAAVSKTAWTWLTSLLGGSAVIIIIGLVLATIVAMYVLTNQKHN,SLVTTMCLLANVTFPCAQPPICYDRKPAETLAMLSVNVDNPGYDELLEAAVKCPGRKRR,276,334,59,type1_cleaved,KRR-STE,curated_annotation,VEEV,,-0.044,1.0,S,SLVTTMCLLANVTFPCAQPPICYDRKPAETLAMLSVNVDNPGYDELLEAAV,KCPGRKRR,P05674|P09592|P36329,3,alphavirus_E3,2026-02-17
P36329,UniProt,,Venezuelan equine encephalitis virus (strain 3880),36382,Structural polyprotein [6K protein],,MFPFQPMYPMQPMPYRNPFAAPRRPWFPRTDPFLAMQVQELTRSMANLTFKQRREAPPEGPPAKKPKREAPQKQKGGGQGKKKKNQGKKKAKTGPPNPKAQNGNKKKTNKKPGKRQRMVMKLESDKTFPIMLEGKINGYACVVGGKLFRPMHVEGKIDNDVLAALKTKKASKYDLEYADVPQNMRADTFKYTHEKPQGYYSWHHGAVQYENGRFTVPKGVGAKGDSGRPILDNQGRVVAIVLGGVNEGSRTALSVVMWNEKGVTVKYTPENCEQWSLVTTMCLLANVTFPCAQPPICYDRKPAETLAMLSVNVDNPGYDELLEAAVKCPGRKRRSTEELFKEYKLTRPYMARCIRCAVGSCHSPIAIEAVKSDGHDGYVRLQTSSQYGLDSSGNLKGRTMRYDMHGTIEEIPLHQVSLHTSRPCHIVDGHGYFLLARCPAGDSITMEFKKDAVTHSCSVPYEVKFNPVGRELYTHPPEHGAEQACQVYAHDAQNRGAYVEMHLPGSEVDSSLVSLSGSSVTVTPPAGTSALVECECGGTKISETINTAKQFSQCTKKEQCRAYRLQNDKWVYNSDKLPKAAGATLKGKLHVPFLLADGKCTVPLAPEPMITFGFRSVSLKLHPKNPTYLTTRQLADEPHYTHELISEPVVRNFSVTEKGWEFVWGNHPPKRFWAQETAPGNPHGLPHEVITHYYHRYPMSTILGLSICAAIVTVSIAASTWLLCKSRVSCLTPYRLTPNARMPLCLAVLCCARTARAETTWESLDHLWNNNQQMFWIQLLIPLAALIVVTRLLRCVCCVVPFLVVAGAAGAGAYEHATTMPSQAGIPYNTIVNRAGYAPLPISITPTKIKLIPTVNLEYVTCHYKTGMDSPAIKCCGSQECTPTYRPDEQCKVFTGVYPFMWGGAYCFCDTENTQVSKAYVMKSDDCLADHAEAYKAHTASVQAFLNITVGEHSIVTTVYVNGETPVNFNGVKLTAGPLSTAWTPFDRKIVQYAGEIYNYDFPEYGAGQPGAFGDIQSRTVSSSDLYANTNLVLQRPKAGAIHVPYTQAPSGFEQWKKDKAPSLKFTAPFGCEIYTNPIRAENCAVGSIPLAFDIPDALFTRVSETPTLSAAECTLNECVYSSDFGGIATVKYSASKSGKCAVHVPSGTATLKEAAIELAEQGSATIHFSTANIHPEFRLQICTSYVTCKGDCHPPKDHIVTHPQYHAQTFTAAVSKTAWTWLTSLLGGSAVIIIIGLVLATIVAMYVLTNQKHN,ETTWESLDHLWNNNQQMFWIQLLIPLAALIVVTRLLRCVCCVVPFLVVAGAAGAGA,758,813,56,type1_cleaved,AGA-YEH,curated_annotation,VEEV,,0.911,-0.9,ETTWESLDHLWNNNQQ,MFWIQLLIPLAALIVVTRLLRCVCCVVPFLVVAGAAGAG,A,P36329,1,alphavirus_E3,2026-02-17
P36330,UniProt,,Venezuelan equine encephalitis virus (strain Everglades Fe3-7c),36383,Structural polyprotein [Assembly protein E3],,MFPFQPMYPMQPMPYRNPFAAPRRPWFPRTDPFLAMQVQELTRSMANLTFKQRRGAPPEGPPAKKSKREAPQKQRGGQRKKKKNEGKKKAKTGPPNLKTQNGNKKKTNKKPGKRQRMVMKLESDKTFPIMLEGKINGYACVVGGKLFRPMHVEGKIDNDVLAALKTKKASKYDLEYADVPQNMRADTFKYTHEKPQGYYSWHHGAVQYENGRFTVPRGVGARGDSGRPILDNQGRVVAIVLGGVNEGSRTALSVVMWNEKGVTVKYTPENCEQWSLVTTMCLLANVTFPCAQPPICYDRKPAETLAMLSANVDNPGYDELLKAAVTCPGRKRRSTEELFKEYKLTRPYMARCVRCAVGSCHSPIAIEAVKSDGHDGYVRLQTSSQYGLDPSGNLKSRTMRYNMYGTIEEIPLHQVSLHTSRPCHIVDGHGYFLLARCPAGDSITMEFKKDSVTHSCSVPYEVKFNPVGRELYTHPPEHGAEQACQVYAHDAQNRGAYVEMHLPGSEVDSSLVSLSSGLVSVTPPAGTSALVECECSGTTISKTINKTKQFSQCTKKEQCRAYRLQNDKWVYNSDKLPKAAGATLKGKLHVPFLLADGKCTVPLAPEPMITFGFRSVSLKLHPKYPTYLTTRELADEPHYTHELISEPSVRNFSVTAKGWEFVWGNHPPKRFWAQETAPGNPHGLPHEVIVHYYHRYPMSTITGLSICAAIVAVSIAASTWLLCRSRASCLTPYRLTPNAKMPLCLAVLCCARSARAETTWESLDHLWNNNQQMFWTQLLIPLAALIVVTRLLKCMCCVVPFLVVAGAAGAGAYEHATTMPNQAGISYNTIVNRAGYAPLPISITPTKIKLIPTVNLEYVTCHYKTGMDSPTIKCCGSQECTPTYRPDEQCKVFAGVYPFMWGGAYCFCDTENTQISKAYVMKSEDCLADHAAAYKAHTASVQALLNITVGEHSTVTTVYVNGETPVNFNGVKLTAGPLSTAWTPFDRKIVQYAGEIYNYDFPEYGAGQPGAFGDIQLRTVSSSDLYANTNLVLQRPKAGAIHVPYTQAPSGFEQWKKDKAPSLKFTAPFGCEIYTNPIRAENCAVGSIPLAFDIPDALFTRVSETPTLSAAECTLNECVYSSDFGGIATVKYSASKSGKCAVHVPSGTATLKEASVELAEQGSVTIHFSTANIHPEFRLQICTSFVTCKGDCHPPKDHIVTHPQYHAQTFTAAVSKTAWTWLTSLLGGSAVIIIIGLVLATLVAMYVLTNQKHN,SLVTTMCLLANVTFPCAQPPICYDRKPAETLAMLSANVDNPGYDELLKAAVTCPGRKRR,275,333,59,type1_cleaved,KRR-STE,curated_annotation,VEEV,,-0.037,2.0,S,SLVTTMCLLANVTFPCAQPPICYDRKPAETLAMLSANVDNPGYDELLKAAVTC,PGRKRR,P36330,1,alphavirus_E3,2026-02-17
P36330,UniProt,,Venezuelan equine encephalitis virus (strain Everglades Fe3-7c),36383,Structural polyprotein [6K protein],,MFPFQPMYPMQPMPYRNPFAAPRRPWFPRTDPFLAMQVQELTRSMANLTFKQRRGAPPEGPPAKKSKREAPQKQRGGQRKKKKNEGKKKAKTGPPNLKTQNGNKKKTNKKPGKRQRMVMKLESDKTFPIMLEGKINGYACVVGGKLFRPMHVEGKIDNDVLAALKTKKASKYDLEYADVPQNMRADTFKYTHEKPQGYYSWHHGAVQYENGRFTVPRGVGARGDSGRPILDNQGRVVAIVLGGVNEGSRTALSVVMWNEKGVTVKYTPENCEQWSLVTTMCLLANVTFPCAQPPICYDRKPAETLAMLSANVDNPGYDELLKAAVTCPGRKRRSTEELFKEYKLTRPYMARCVRCAVGSCHSPIAIEAVKSDGHDGYVRLQTSSQYGLDPSGNLKSRTMRYNMYGTIEEIPLHQVSLHTSRPCHIVDGHGYFLLARCPAGDSITMEFKKDSVTHSCSVPYEVKFNPVGRELYTHPPEHGAEQACQVYAHDAQNRGAYVEMHLPGSEVDSSLVSLSSGLVSVTPPAGTSALVECECSGTTISKTINKTKQFSQCTKKEQCRAYRLQNDKWVYNSDKLPKAAGATLKGKLHVPFLLADGKCTVPLAPEPMITFGFRSVSLKLHPKYPTYLTTRELADEPHYTHELISEPSVRNFSVTAKGWEFVWGNHPPKRFWAQETAPGNPHGLPHEVIVHYYHRYPMSTITGLSICAAIVAVSIAASTWLLCRSRASCLTPYRLTPNAKMPLCLAVLCCARSARAETTWESLDHLWNNNQQMFWTQLLIPLAALIVVTRLLKCMCCVVPFLVVAGAAGAGAYEHATTMPNQAGISYNTIVNRAGYAPLPISITPTKIKLIPTVNLEYVTCHYKTGMDSPTIKCCGSQECTPTYRPDEQCKVFAGVYPFMWGGAYCFCDTENTQISKAYVMKSEDCLADHAAAYKAHTASVQALLNITVGEHSTVTTVYVNGETPVNFNGVKLTAGPLSTAWTPFDRKIVQYAGEIYNYDFPEYGAGQPGAFGDIQLRTVSSSDLYANTNLVLQRPKAGAIHVPYTQAPSGFEQWKKDKAPSLKFTAPFGCEIYTNPIRAENCAVGSIPLAFDIPDALFTRVSETPTLSAAECTLNECVYSSDFGGIATVKYSASKSGKCAVHVPSGTATLKEASVELAEQGSVTIHFSTANIHPEFRLQICTSFVTCKGDCHPPKDHIVTHPQYHAQTFTAAVSKTAWTWLTSLLGGSAVIIIIGLVLATLVAMYVLTNQKHN,ETTWESLDHLWNNNQQMFWTQLLIPLAALIVVTRLLKCMCCVVPFLVVAGAAGAGA,757,812,56,type1_cleaved,AGA-YEH,curated_annotation,VEEV,,0.787,-0.9,ETTWESLDHLWNNNQQ,MFWTQLLIPLAALIVVTRLLKCMCCVVPFLVVAGAAGAG,A,P36330,1,alphavirus_E3,2026-02-17
P03316,UniProt,,Sindbis virus,11034,Structural polyprotein [6K protein],,MNRGFFNMLGRRPFPAPTAMWRPRRRRQAAPMPARNGLASQIQQLTTAVSALVIGQATRPQPPRPRPPPRQKKQAPKQPPKPKKPKTQEKKKKQPAKPKPGKRQRMALKLEADRLFDVKNEDGDVIGHALAMEGKVMKPLHVKGTIDHPVLSKLKFTKSSAYDMEFAQLPVNMRSEAFTYTSEHPEGFYNWHHGAVQYSGGRFTIPRGVGGRGDSGRPIMDNSGRVVAIVLGGADEGTRTALSVVTWNSKGKTIKTTPEGTEEWSAAPLVTAMCLLGNVSFPCDRPPTCYTREPSRALDILEENVNHEAYDTLLNAILRCGSSGRSKRSVIDDFTLTSPYLGTCSYCHHTVPCFSPVKIEQVWDEADDNTIRIQTSAQFGYDQSGAASANKYRYMSLKQDHTVKEGTMDDIKISTSGPCRRLSYKGYFLLAKCPPGDSVTVSIVSSNSATSCTLARKIKPKFVGREKYDLPPVHGKKIPCTVYDRLKETTAGYITMHRPRPHAYTSYLEESSGKVYAKPPSGKNITYECKCGDYKTGTVSTRTEITGCTAIKQCVAYKSDQTKWVFNSPDLIRHDDHTAQGKLHLPFKLIPSTCMVPVAHAPNVIHGFKHISLQLDTDHLTLLTTRRLGANPEPTTEWIVGKTVRNFTVDRDGLEYIWGNHEPVRVYAQESAPGDPHGWPHEIVQHYYHRHPVYTILAVASATVAMMIGVTVAVLCACKARRECLTPYALAPNAVIPTSLALLCCVRSANAETFTETMSYLWSNSQPFFWVQLCIPLAAFIVLMRCCSCCLPFLVVAGAYLAKVDAYEHATTVPNVPQIPYKALVERAGYAPLNLEITVMSSEVLPSTNQEYITCKFTTVVPSPKIKCCGSLECQPAAHADYTCKVFGGVYPFMWGGAQCFCDSENSQMSEAYVELSADCASDHAQAIKVHTAAMKVGLRIVYGNTTSFLDVYVNGVTPGTSKDLKVIAGPISASFTPFDHKVVIHRGLVYNYDFPEYGAMKPGAFGDIQATSLTSKDLIASTDIRLLKPSAKNVHVPYTQASSGFEMWKNNSGRPLQETAPFGCKIAVNPLRAVDCSYGNIPISIDIPNAAFIRTSDAPLVSTVKCEVSECTYSADFGGMATLQYVSDREGQCPVHSHSSTATLQESTVHVLEKGAVTVHFSTASPQANFIVSLCGKKTTCNAECKPPADHIVSTPHKNDQEFQAAISKTSWSWLFALFGGASSLLIIGLMIFACSMMLTSTRR,ETFTETMSYLWSNSQPFFWVQLCIPLAAFIVLMRCCSCCLPFLVVAGAYLAKVDA,752,806,55,type1_cleaved,VDA-YEH,curated_annotation,SINV,,0.971,-1.0,ETFTETMSYLWSNSQ,PFFWVQLCIPLAAFIVLMRCCSCCLPFLVVAGAYLA,KVDA,P03316,1,alphavirus_E3,2026-02-17
P08768,UniProt,,Eastern equine encephalitis virus,11021,Structural polyprotein [6K protein],,MFPYPTLNYPPMAPINPMAYRDPNPPRQVAPFRPPLAAQIEDLRRSIANLTLKQRAPNPPAGPPAKRKKPAPSLSLETKKKRPPPPAKKQKRKPKPGKRQRMCMKLESDKTFPIMLNGQVNGYACVVGGRVFKPLHVEGRIDNEQLAAIKLKKASIYDLEYGDVPQCMKSDTLQYTSDKPPGFYNWHHGAVQYENNRFTVPRGVGGKGDSGRPILDNKGRVVAIVQGGVNEGSRTALSVVTWNQKGVTVKDTPEGSEPWSLATVMCVLANITFPCDQPPCMPCCYEKNPHETLTMLEQNYDSRAYDQLLDAAVKCNARRTRRDLDTHFTQYKLARPYIADCPNCGHSRCDSPIAIEEVRGDAHAGVIRIQTSAMFGLKRHGVDLAYMSFMNGKTQKSIKIDNLHVRTSAPCSLVSHHGYYILAQCPPGDTVTVGFHDGPNRHTCRLAHKVEFRPVGREKYRHPPEHGVELPCNRYTHKRADQGHYVEMHQPGLVGDHSLLSIHSAKVKITVPSGAQVKYYCKCPDVREGITSSDHTTTCTDVKQCRAYLIDNKKWVYNSGRLPRGEGDTFKGKLHVPFVPVKAKCIATLAPEPLVEHKHRTLILHLHPDHPTLLTTRSLGSDANPTRQWIERPTTVNFTVTGEGLEYTWGNHPPKRVWAQESGEGNPHGWPHVVVVYYYNRYPLTTIIGLCTCVAIIMVSCDHPCGSFSGLRNLCITPYKLAPNAQVPILLALLCCIKPTRADDTLQVLNYLWNNNQNFFWMQTLIPLAALIVCMRMLAALFCCGPAFLLVCGAWAAAYEHTAVMPNKVGIPYKALVERPGYAPVHLQIQLVNTRIIPSTNLEYITCKYKTKVPSPVVKCCGATQCTSKPHPDYQCQVFTGVYPFMWGGAYCFCDTENTQMSEAYVERSEECSIDHAKAYKVHTGTVQAMVNITYGSVTWRSADVYVNGETPAKIGDAKLIIGPLSSAWSPFDNKVVVYGHEVYNYDFPEYGTGKAGSFGDLQSRTSTSNDLYANTNLKLQRPQAGIVHTPFTQAPSGFERWKRDKGAPLNDVAPFGCSIALEPLRPENCAVGSIPISIDIPDAAFTRISETPTVSDLECKITECTYASDFGGIATLPTNPVKQETVQFIVHQVLQLLKRMTSPLLRAGSFTFHFSTANIHPAFKLQVCTSGITCKGDCKPPKDHIVDYPAQHTESFTSAISATAWSWLKVLVGGTSAFIVLGLIATAVVALVLFFHRH,DDTLQVLNYLWNNNQNFFWMQTLIPLAALIVCMRMLAALFCCGPAFLLVCGAWAAA,743,798,56,type1_cleaved,AAA-YEH,curated_annotation,EEEV,,0.961,-1.0,DDT,LQVLNYLWNNNQNFFWMQTLIPLAALIVCMRMLAALFCCGPAFLLVCGAWAA,A,P08768,1,alphavirus_E3,2026-02-17
P13890,UniProt,,Ross river virus (strain NB5092),11031,Structural polyprotein [Assembly protein E3],,MNYIPTQTFYGRRWRPRPAFRPWQVPMQPTPTMVTPMLQAPDLQAQQMQQLISAVSALTTKQNVKAPKGQRKQKQQKPKEKKEKQKKKPTXKKKQQQKPKPQAKKKKPGRRERMCMKIENDCIFEVKLDGKVTGYACLVGDKVMKPAHVKGTIDNPDLAKLTYKKSSKYDLECAQIPVHMKSDASKYTHEKPEGHYNWHHGAVQYSXGRFTIPTGAGKPGDSGRPIFDNKGRVVAIVLGGANEGARTALSVVTWTKDMVTRVTPEGTEEWSAALMMCILANTSFPCSSPPCYPCCYEKQPEQTLRMLEDNVNRPGYYELLEASMTCRNRSRHRRSVIEHFNVYKATRPYLAXCADCGDGYFCYSPVAIEKIRDEASDGMLKIQVSAQIGLDKAGTHAHTKMRYMAGHDVQESKRDSLRVYTSAACSIHGTMGHFIVAHCPPGDYLKXSFEDANSHVKACKVQYKHDPLPVGREKFVVRPHFGVELPCTSYQLTTAPTDEEIDMHTPPDIPDRTLLSQTAGNVKITAGGRTIRYNCTCGRDNVGTTSTDKTINTCKIDQCHAAVTSHDKWXFTSPFVPRADQTARKGKVHVPFPLTNVTCRVPLARAPDVTYGKKEVTLRLHPDHPTXFSYRSLGAVPHPYEEWVDKFSERIIPVTEEGIEYQWGNNPPVRLWAQLTTEGKPHGWPHEIIQYYYGLYPAATIAAVSGASLMALLTLAATCCMLATARRKCLTPYALTPGAVVPLTLGLLXCAPRANAASFAETMAYLWDENKTLFWMEXXXXXXALALLACCIKSLICCCKPFSFLVLLSLGASAKAYEHTATIPNVVGFPYKAHIERNXFSPMTLQLEVVXXSLEPTLNLEYITCEYKTVVPSPFIKCCGTSECSSKEQPDYQCKVYTGVYPFMWGGAYCFCDSENTQLSEAYVDRSDVCKHDHALAYKAHTASLKATIRISYGTINQTTEAFVNGEHAVNVGGSKFIFGPISTAWSPFDNKIVVYKDDVYNQDFPPYGSGQPGRFGDIQSRTVESKDLYANTALKLSRPSPGVVHVPYTQTPSGFKYWLKEKGSSLNTKAPFGCKIKTNPVRAMDCAVGSIPVSMDIPDSAFTRVVDAPAVTDLSCQVAVCTHSSDFGXVATLSYKTDKPGKCAVHSHSNVATLQEATVDVKEDGKVTVHFSXXSASPAFKVSVCDAKTTCTAACEPPKDHIVPYGASHNNQVFPDMSGTAMTWVQRMASGLGGLALIAVVVLVLVTCITMRR,SAALMMCILANTSFPCSSPPCYPCCYEKQPEQTLRMLEDNVNRPGYYELLEASMTCRNRSRHRR,271,334,64,type1_cleaved,HRR-SVI,curated_annotation,RRV,,-0.603,2.1,S,AALMMCILANTSFPCSSPPCYPCCYEKQPEQTLRMLEDNVNRPGYYELLEASMTC,RNRSRHRR,P08491|P13890,2,alphavirus_E3,2026-02-17
P13890,UniProt,,Ross river virus (strain NB5092),11031,Structural polyprotein [6K protein],,MNYIPTQTFYGRRWRPRPAFRPWQVPMQPTPTMVTPMLQAPDLQAQQMQQLISAVSALTTKQNVKAPKGQRKQKQQKPKEKKEKQKKKPTXKKKQQQKPKPQAKKKKPGRRERMCMKIENDCIFEVKLDGKVTGYACLVGDKVMKPAHVKGTIDNPDLAKLTYKKSSKYDLECAQIPVHMKSDASKYTHEKPEGHYNWHHGAVQYSXGRFTIPTGAGKPGDSGRPIFDNKGRVVAIVLGGANEGARTALSVVTWTKDMVTRVTPEGTEEWSAALMMCILANTSFPCSSPPCYPCCYEKQPEQTLRMLEDNVNRPGYYELLEASMTCRNRSRHRRSVIEHFNVYKATRPYLAXCADCGDGYFCYSPVAIEKIRDEASDGMLKIQVSAQIGLDKAGTHAHTKMRYMAGHDVQESKRDSLRVYTSAACSIHGTMGHFIVAHCPPGDYLKXSFEDANSHVKACKVQYKHDPLPVGREKFVVRPHFGVELPCTSYQLTTAPTDEEIDMHTPPDIPDRTLLSQTAGNVKITAGGRTIRYNCTCGRDNVGTTSTDKTINTCKIDQCHAAVTSHDKWXFTSPFVPRADQTARKGKVHVPFPLTNVTCRVPLARAPDVTYGKKEVTLRLHPDHPTXFSYRSLGAVPHPYEEWVDKFSERIIPVTEEGIEYQWGNNPPVRLWAQLTTEGKPHGWPHEIIQYYYGLYPAATIAAVSGASLMALLTLAATCCMLATARRKCLTPYALTPGAVVPLTLGLLXCAPRANAASFAETMAYLWDENKTLFWMEXXXXXXALALLACCIKSLICCCKPFSFLVLLSLGASAKAYEHTATIPNVVGFPYKAHIERNXFSPMTLQLEVVXXSLEPTLNLEYITCEYKTVVPSPFIKCCGTSECSSKEQPDYQCKVYTGVYPFMWGGAYCFCDSENTQLSEAYVDRSDVCKHDHALAYKAHTASLKATIRISYGTINQTTEAFVNGEHAVNVGGSKFIFGPISTAWSPFDNKIVVYKDDVYNQDFPPYGSGQPGRFGDIQSRTVESKDLYANTALKLSRPSPGVVHVPYTQTPSGFKYWLKEKGSSLNTKAPFGCKIKTNPVRAMDCAVGSIPVSMDIPDSAFTRVVDAPAVTDLSCQVAVCTHSSDFGXVATLSYKTDKPGKCAVHSHSNVATLQEATVDVKEDGKVTVHFSXXSASPAFKVSVCDAKTTCTAACEPPKDHIVPYGASHNNQVFPDMSGTAMTWVQRMASGLGGLALIAVVVLVLVTCITMRR,ASFAETMAYLWDENKTLFWMEXXXXXXALALLACCIKSLICCCKPFSFLVLLSLGASAKA,757,816,60,type1_cleaved,AKA-YEH,curated_annotation,RRV,,0.855,0.0,A,ASFAETMAYLWDENKTLFWMEXXXXXXALALLACCIKSLICCCKPFSFLVLLSLGA,SAKA,P13890,1,alphavirus_E3,2026-02-17
P36332,UniProt,,Venezuelan equine encephalitis virus (strain P676),36385,Structural polyprotein [Assembly protein E3],,MFPFQPMYPMQPMPYRNPFAAPRRPWFPRTDPFLAMQVQELTRSMANLTFKQRRDAPPEGPPAKKPKREAPQKQKGGGQGKKKKNQGKKKAKTGPPNPKAQSGNKKKPNKKPGKRQRMVMKLESDKTFPIMLEGKINGYACVVGGKLFRPMHVEGKIDNDVLAALKTKKASKYDLEYADVPQNMRADTFKYTHEKPQGYYSWHHGAVQYENGRFTVPKGVGAKGDSGRPILDNQGRVVAIVLGGVNEGSRTALSVVMWNEKGVTVKYTPENCEQWSLVTTMCLLANVTFPCAEPPICYDRKPAETLAMLSVNVDNPGYDELLEAAVKCPGRKRRSTEELFKEYKLTRPYMARCIRCAVGSCHSPIAIEAVKSDGHDGYVRLQTSSQYGLDSSGNLKGRTMRYDMHGTIEEIPLHQVSLHTSRPCHIVDGHGYFLLARCPAGDSITMEFKKGSVTHSCSVPYEVKFNPVGRELYTHPPEHGAEQACQVYAHDAQNRGAYVEMHLPGSEVDSSLISLSGSSVTVTPPVGTSALVKCKCGGTKISETINKAKQFSQCTKKEQCRAYRLQNDKWVYNSDKLPKAAGATLKGKLHVPFLLADGKCTVPLAPEPMITFGFRSVSLKLHPKNPTYLTTRQLADEPHYTHELISEPAVRNFTVTEKGWEFVWGNHPPKRFWAQETAPGNPHGLPHEVITHYYHRYPMSTILGLSICAAIVTVSVAASTWLFCKSRVSCLTPYRLTPNARMPLCLAVLCCARTARAETTWESLDHLWNNNQQMFWIQLLIPLAALIVVTRLLKCVCCVVPFLVVAGAAGAGAYEHATTMPSQAGISYNTIVNRAGYAPLPISITPTKIKLIPTVNLEYVTCHYKTGMDSPAIKCCGSQECTPTNRPDEQCKVFTGVYPFMWGGAYCFCDTENTQVSKAYVMKSDDCLADHAEAYKAHTASVQAFLNITVGEHSIVTTVYVNGETPVNFNGVKLTAGPLSTAWTPFDRKIVQYAGEIYNYDFPEYGAGQPGAFGDIQSRTVSSSDLYANTNLVLQRPKAGAIHVPYTQAPSGFEQWKKDKAPSLKFTAPFGCEIYTNPIRAENCAVGSIPLAFDIPDALFTRVSETPTLSAAECTLNECVYSSDFGGIATVKYSASKSGKCAVHVPSGTATLKEAAVELTEQGSATIHFSTANIHPEFRLQICTSYVTCKGDCHPPKDHIVTHPQYHAQTFTAAVSKTAWTWLTSLLGGSAVIIIIGLVLATIVAMYVLTNQKHN,SLVTTMCLLANVTFPCAEPPICYDRKPAETLAMLSVNVDNPGYDELLEAAVKCPGRKRR,276,334,59,type1_cleaved,KRR-STE,curated_annotation,VEEV,,-0.044,0.0,S,SLVTTMCLLANVTFPCAEPPICYDRKPAETLAMLSVNVDNPGYDELLEAAV,KCPGRKRR,P36332,1,alphavirus_E3,2026-02-17
P36332,UniProt,,Venezuelan equine encephalitis virus (strain P676),36385,Structural polyprotein [6K protein],,MFPFQPMYPMQPMPYRNPFAAPRRPWFPRTDPFLAMQVQELTRSMANLTFKQRRDAPPEGPPAKKPKREAPQKQKGGGQGKKKKNQGKKKAKTGPPNPKAQSGNKKKPNKKPGKRQRMVMKLESDKTFPIMLEGKINGYACVVGGKLFRPMHVEGKIDNDVLAALKTKKASKYDLEYADVPQNMRADTFKYTHEKPQGYYSWHHGAVQYENGRFTVPKGVGAKGDSGRPILDNQGRVVAIVLGGVNEGSRTALSVVMWNEKGVTVKYTPENCEQWSLVTTMCLLANVTFPCAEPPICYDRKPAETLAMLSVNVDNPGYDELLEAAVKCPGRKRRSTEELFKEYKLTRPYMARCIRCAVGSCHSPIAIEAVKSDGHDGYVRLQTSSQYGLDSSGNLKGRTMRYDMHGTIEEIPLHQVSLHTSRPCHIVDGHGYFLLARCPAGDSITMEFKKGSVTHSCSVPYEVKFNPVGRELYTHPPEHGAEQACQVYAHDAQNRGAYVEMHLPGSEVDSSLISLSGSSVTVTPPVGTSALVKCKCGGTKISETINKAKQFSQCTKKEQCRAYRLQNDKWVYNSDKLPKAAGATLKGKLHVPFLLADGKCTVPLAPEPMITFGFRSVSLKLHPKNPTYLTTRQLADEPHYTHELISEPAVRNFTVTEKGWEFVWGNHPPKRFWAQETAPGNPHGLPHEVITHYYHRYPMSTILGLSICAAIVTVSVAASTWLFCKSRVSCLTPYRLTPNARMPLCLAVLCCARTARAETTWESLDHLWNNNQQMFWIQLLIPLAALIVVTRLLKCVCCVVPFLVVAGAAGAGAYEHATTMPSQAGISYNTIVNRAGYAPLPISITPTKIKLIPTVNLEYVTCHYKTGMDSPAIKCCGSQECTPTNRPDEQCKVFTGVYPFMWGGAYCFCDTENTQVSKAYVMKSDDCLADHAEAYKAHTASVQAFLNITVGEHSIVTTVYVNGETPVNFNGVKLTAGPLSTAWTPFDRKIVQYAGEIYNYDFPEYGAGQPGAFGDIQSRTVSSSDLYANTNLVLQRPKAGAIHVPYTQAPSGFEQWKKDKAPSLKFTAPFGCEIYTNPIRAENCAVGSIPLAFDIPDALFTRVSETPTLSAAECTLNECVYSSDFGGIATVKYSASKSGKCAVHVPSGTATLKEAAVELTEQGSATIHFSTANIHPEFRLQICTSYVTCKGDCHPPKDHIVTHPQYHAQTFTAAVSKTAWTWLTSLLGGSAVIIIIGLVLATIVAMYVLTNQKHN,ETTWESLDHLWNNNQQMFWIQLLIPLAALIVVTRLLKCVCCVVPFLVVAGAAGAGA,758,813,56,type1_cleaved,AGA-YEH,curated_annotation,VEEV,,0.921,-0.9,ETTWESLDHLWNNNQQ,MFWIQLLIPLAALIVVTRLLKCVCCVVPFLVVAGAAGAG,A,P36332,1,alphavirus_E3,2026-02-17
Q306W5,UniProt,,Eastern equine encephalitis virus (strain PE-0.0155),374596,Structural polyprotein [Assembly protein E3],,MFPYPTLNYSPMAPVNPMAYRDPNPPRRRWRPFRPPLAAQIEDLRRSIANLTFKQRAPNPPAGPPAKRKKPAPKPKPAAPKKKRQPPPAKKQKRKQKPGKRQRMCMKLESDKTFPILLNGQVNGYACVVGGRVFKPLHVEGKIDNEQLAAIKLKKASIYDLEYGDVPQCMKSDTLQYTSEKPPGFYNWHHGAVQYENNRFTVPRGVGGKGDSGRPILDNRGRVVAIVLGGANEGSRTALSVVTWNQKGVTVKDTPEGSEPWSLTTVMCVLANITFPCDQPPCMPCCYEKNPHETLTMLEQNYDSQAYDQLLEAAVKCNSRRTRRDLETHFTQYKLARPYIADCSNCGHGRCDSPIAIEDVRGNAHAGYIRIQTSAMFGLKSDGVDLAYMSFMNGKTLKAIKIEHLYARTSAPCSLVSYHGYYLLAQCPPGDTVTVGFQDGANKHMCTIAHKVEFRPVGREKYRHPPAHGVELPCNKYTHKRADQGHYVEMHQPGLVADHSLLSLSSTKVKITVPSGSQVKYYCKCPDVQEGTTSGDHTTTCTDLKQCRAYLIDNKKWVFNSGKLPRGEGETFKGKLHVPFVPVTSKCTATLAPEPLVEHKHRSLILHLHPEHPTLLTTRALGNDARPTRQWVDQPTTVNFTVTGEGFEYTWGNHPPKRVWAQESGEGNPHGWPHEVVIYYYNRYPMTTIVGLCTCAAIIMVSCITSVWLLCRTRNLCITPYRLAPNAQVPILLAVLCCVKPTRADDTLQVLNYLWNNNQNFFWMQTLIPLAALIVCMRMLRCLLCCGPAFLLVCGALGAAAYEHTAVMPNKVGIPYKALVERPGYAPVHLQIQLVTTKIIPSANLEYITCKYKTKVPSPVVKCCGATQCTSKQHPDYQCQVFAGVYPFMWGGAYCFCDTENTQMSEAYIERAEECSVDQAKAYKVHTGTVQAVVNITYGSVSWRSADVYVNGETPAKIGDAKLTIGPLSSAWTPFDSKVVVYGHEVYNYDFPEYGTGKAGSFGDLQSRTLTSNDLYANTNLKLQRPQPGVVHTPYTQAPSGFERWKKDRGAPLNDIAPFGCTIALDPLRAENCAVGNIPLSIDIPDAAFTRISETPTVSDLECKITECTYASDFGGIATVAYKASKAGNCPIHSPSGIAVIKENDVTLADSGSFTFHFSTASIHPAFKMQICTSVVTCKGDCKPPKDHIVDYPAQHTETFTSAVSATAWSWLKVLVGSTSAFIVLGLIATAVVALVLFTHKH,SLTTVMCVLANITFPCDQPPCMPCCYEKNPHETLTMLEQNYDSQAYDQLLEAAVKCNSRRTRR,262,324,63,type1_cleaved,TRR-DLE,curated_annotation,EEEV,,-0.467,-0.9,SLT,TVMCVLANITFPCDQPPCMPCCYEKNPHETLTMLEQNYDSQAYDQLLEAAV,KCNSRRTRR,Q306W5,1,alphavirus_E3,2026-02-17
Q306W5,UniProt,,Eastern equine encephalitis virus (strain PE-0.0155),374596,Structural polyprotein [6K protein],,MFPYPTLNYSPMAPVNPMAYRDPNPPRRRWRPFRPPLAAQIEDLRRSIANLTFKQRAPNPPAGPPAKRKKPAPKPKPAAPKKKRQPPPAKKQKRKQKPGKRQRMCMKLESDKTFPILLNGQVNGYACVVGGRVFKPLHVEGKIDNEQLAAIKLKKASIYDLEYGDVPQCMKSDTLQYTSEKPPGFYNWHHGAVQYENNRFTVPRGVGGKGDSGRPILDNRGRVVAIVLGGANEGSRTALSVVTWNQKGVTVKDTPEGSEPWSLTTVMCVLANITFPCDQPPCMPCCYEKNPHETLTMLEQNYDSQAYDQLLEAAVKCNSRRTRRDLETHFTQYKLARPYIADCSNCGHGRCDSPIAIEDVRGNAHAGYIRIQTSAMFGLKSDGVDLAYMSFMNGKTLKAIKIEHLYARTSAPCSLVSYHGYYLLAQCPPGDTVTVGFQDGANKHMCTIAHKVEFRPVGREKYRHPPAHGVELPCNKYTHKRADQGHYVEMHQPGLVADHSLLSLSSTKVKITVPSGSQVKYYCKCPDVQEGTTSGDHTTTCTDLKQCRAYLIDNKKWVFNSGKLPRGEGETFKGKLHVPFVPVTSKCTATLAPEPLVEHKHRSLILHLHPEHPTLLTTRALGNDARPTRQWVDQPTTVNFTVTGEGFEYTWGNHPPKRVWAQESGEGNPHGWPHEVVIYYYNRYPMTTIVGLCTCAAIIMVSCITSVWLLCRTRNLCITPYRLAPNAQVPILLAVLCCVKPTRADDTLQVLNYLWNNNQNFFWMQTLIPLAALIVCMRMLRCLLCCGPAFLLVCGALGAAAYEHTAVMPNKVGIPYKALVERPGYAPVHLQIQLVTTKIIPSANLEYITCKYKTKVPSPVVKCCGATQCTSKQHPDYQCQVFAGVYPFMWGGAYCFCDTENTQMSEAYIERAEECSVDQAKAYKVHTGTVQAVVNITYGSVSWRSADVYVNGETPAKIGDAKLTIGPLSSAWTPFDSKVVVYGHEVYNYDFPEYGTGKAGSFGDLQSRTLTSNDLYANTNLKLQRPQPGVVHTPYTQAPSGFERWKKDRGAPLNDIAPFGCTIALDPLRAENCAVGNIPLSIDIPDAAFTRISETPTVSDLECKITECTYASDFGGIATVAYKASKAGNCPIHSPSGIAVIKENDVTLADSGSFTFHFSTASIHPAFKMQICTSVVTCKGDCKPPKDHIVDYPAQHTETFTSAVSATAWSWLKVLVGSTSAFIVLGLIATAVVALVLFTHKH,DDTLQVLNYLWNNNQNFFWMQTLIPLAALIVCMRMLRCLLCCGPAFLLVCGALGAAA,745,801,57,type1_cleaved,AAA-YEH,curated_annotation,EEEV,,0.939,0.0,DDT,LQVLNYLWNNNQNFFWMQTLIPLAALIVCMRMLRCLLCCGPAFLLVCGALGAA,A,Q306W5|Q306W7,2,alphavirus_E3,2026-02-17
Q306W7,UniProt,,Eastern equine encephalitis virus (strain PE-3.0815),374597,Structural polyprotein [Assembly protein E3],,MFPYPTLNYPPMAPVNPMAYRDPNPPRRRWRPFRPPLAAQIEDLRRSIANLTFKQRAPNPPAGPPAKRKKPAPKPKPAAPKKKRQPPPAKKQKRKQKPGKRQRMCMKLESDKTFPIMLNGQVNGYACVVGGRVFKPLHVEGKIDNEQLAAIKLKKASIYDLEYGDVPQCMKSDTLQYTSEKPPGFYNWHHGAVQYENNRFTVPRGVGGKGDSGRPILDNRGRVVAIVLGGANEGSRTALSVVTWNQKGVTVKDTPEGSEPWSLTTVMCVLANITFPCDQPPCMPCCYEKNPHETLSMLEQNYDSQAYDLLLDAAVKCNGRRTRRDLETHFTQYKLARPYIADCSNCGHGRCDSPIAIEDIRGDAHAGYIRIQTSAMFGLKSDGVDLAYMSFMNGKTLKAIKIEHLYARTSAPCSLVSYHGYYILAQCPPGDTVTVGFQDGAIKHMCTIAHKVEFKPVGREKYRHPPEHGVELPCTKYTHKRADQGHYVEMHQPGLVADHSLLSMSSTKVKITVPSGSQVKYYCKCPDVKEGTTGSDYTTACTDLKQCRAYLIDNKKWVYNSGKLPRGEGETFKGKLHVPFVPVTSKCTATLAPEPLVEHKHRSLVLHLHPEHPTLLTTRALGSNARPTRQWIEQPTTVNFTVTGEGFEYTWGNHPPKRVWAQESGEGNPHGWPHEIVIYYYNRYPMTTVIGLCTCVAIIMVSCVTSVWLLCRTRNLCITPYRLAPNAQVPILLAVLCCVKPTRADDTLQVLNYLWNNNQNFFWMQTLIPLAALIVCMRMLRCLLCCGPAFLLVCGALGAAAYEHAAVMPNKVGIPYKALVERPGYAPVHLQIQLVTTKIIPSANLEYITCKYKTKVPSPVVKCCGSTQCSAKSLPDYQCQVFTGVYPFMWGGAYCFCDTENTQMSEVYIERAEECSVDQAKAYKVHTGTVQAVVNITYGSVSWRSADVYVNGETPAKIGDAKLTIGPLSSAWSPFDSKVVVYGHEVYNYDFPEYGTGKAGSFGDLQSRTLTSNDLYANTNLKLQRPQPGVVHTPYTQAPSGFERWKKDRGAPLNDIAPFGCTIALDPLRAENCAVGNIPLSIDIPDAAFTRIAETPTVSDLECKVTECTYASDFGGIATISYKASKAGNCPIHSPSGIAVIKENDVTLADSGAFTFHFSTASIHPAFKMQVCTSVVTCKGDCKPPKDHIVDYPAQHTETYTSAVSATAWSWLKVLVGSTSAFIVLGLIATAVVALVLFTHRH,SLTTVMCVLANITFPCDQPPCMPCCYEKNPHETLSMLEQNYDSQAYDLLLDAAVKCNGRRTRR,262,324,63,type1_cleaved,TRR-DLE,curated_annotation,EEEV,,-0.346,-0.9,SLT,TVMCVLANITFPCDQPPCMPCCYEKNPHETLSMLEQNYDSQAYDLLLDAAV,KCNGRRTRR,Q306W7,1,alphavirus_E3,2026-02-17
P13897,UniProt,,Western equine encephalitis virus,11039,Structural polyprotein [Assembly protein E3],,MFPYPQLNFPPVYPTNPMAYRDPNPPRCRWRPFRPPLAAQIEDLRRSIANLTFKQRSPNPPPGPPPKKKKSAPKPKPTQPKKKKQQAKKTKRKPKPGKRQRMCMKLESDKTFPIMLNGQVNGYACVVGGRLMKPLHVEGKIDNEQLAAVKLKKASMYDLEYGDVPQNMKSDTLQYTSDKPPGFYNWHHGAVQYENGRFTVPRGVGGKGDSGRPILDNRGRVVAIVLGGANEGTRTALSVVTWNQKGVTIKDTPEGSEPWSLVTALCVLSNVTFPCDKPPVCYSLAPERTLDVLEENVDNPNYDTLLENVLKCPSRRPKRSITDDFTLTSPYLGFCPYCRHSAPCFSPIKIENVWDESDDGSIRIQVSAQFGYNQAGTADVTKFRYMSFDHDHDIKEDSMDKIAISTSGPCRRLGHKGYFLLAQCPPGDSVTVSITSGASENSCTVEKKIRRKFVGREEYLFPPVHGKLVKCHVYDHLKETSAGYITMHRPGPHAYKSYLEEASGEVYIKPPSGKNVTYECKCGDYSTGIVSTRTKMNGCTKAKQCIAYKSDQTKWVFNSPDLIRHTDHSVQGKLHIPFRLTPTVCPVPLAHTPTVTKWFKGITLHLTATRPTLLTTRKLGLRADATAEWITGTTSRNFSVGREGLEYVWGNHEPVRVWAQESAPGDPHGWPHEIIIHYYHRHPVYTVIVLCGVALAILVGTASSAACIAKARRDCLTPYALAPNATVPTALAVLCCIRPTNAETFGETLNHLWFNNQPFLWAQLCIPLAALVILFRCFSCCMPFLLVAGVCLGKVDAFEHATTVPNVPGIPYKALVERAGYAPLNLEITVVSSELTPSTNKEYVTCRFHTVIPSPQVKCCGSLECKASSKADYTCRVFGGVYPFMWGGAQCFCDSENTQLSEAYVEFAPDCTIDHAVALKVHTAALKVGLRIVYGNTTAHLDTFVNGVTPGSSRDLKVIAGPISAAFSPFDHKVVIRKGLVYNYDFPEYGAMKPGAFGDIQASSLDATDIVARTDIRLLKPSVKNIHVPYTQAVSGYEMWKNNSGRPLQETAPFGCKIEVEPLRASNCAYGHIPISIDIPDAAFVRSSESPTILEVSCTVADCIYSADFGGSLTLQYKADREGHCPVHSHSTTAVLKEATTHVTAVGSITLHFSTSSPQANFIVSLCGKKTTCNAECKPPADHIIGEPHKVDQEFQAAVSKTSWNWLLALFGGASSLIVVGLIVLVCSSMLINTRR,SLVTALCVLSNVTFPCDKPPVCYSLAPERTLDVLEENVDNPNYDTLLENVLKCPSRRPKR,260,319,60,type1_cleaved,PKR-SIT,curated_annotation,WEEV,,-0.25,-1.0,S,SLVTALCVLSNVTFPCDKPPVCYSLAPERTLDVLEENVDNPNYDTLLENVLK,CPSRRPKR,P13897,1,alphavirus_E3,2026-02-17
P13897,UniProt,,Western equine encephalitis virus,11039,Structural polyprotein [6K protein],,MFPYPQLNFPPVYPTNPMAYRDPNPPRCRWRPFRPPLAAQIEDLRRSIANLTFKQRSPNPPPGPPPKKKKSAPKPKPTQPKKKKQQAKKTKRKPKPGKRQRMCMKLESDKTFPIMLNGQVNGYACVVGGRLMKPLHVEGKIDNEQLAAVKLKKASMYDLEYGDVPQNMKSDTLQYTSDKPPGFYNWHHGAVQYENGRFTVPRGVGGKGDSGRPILDNRGRVVAIVLGGANEGTRTALSVVTWNQKGVTIKDTPEGSEPWSLVTALCVLSNVTFPCDKPPVCYSLAPERTLDVLEENVDNPNYDTLLENVLKCPSRRPKRSITDDFTLTSPYLGFCPYCRHSAPCFSPIKIENVWDESDDGSIRIQVSAQFGYNQAGTADVTKFRYMSFDHDHDIKEDSMDKIAISTSGPCRRLGHKGYFLLAQCPPGDSVTVSITSGASENSCTVEKKIRRKFVGREEYLFPPVHGKLVKCHVYDHLKETSAGYITMHRPGPHAYKSYLEEASGEVYIKPPSGKNVTYECKCGDYSTGIVSTRTKMNGCTKAKQCIAYKSDQTKWVFNSPDLIRHTDHSVQGKLHIPFRLTPTVCPVPLAHTPTVTKWFKGITLHLTATRPTLLTTRKLGLRADATAEWITGTTSRNFSVGREGLEYVWGNHEPVRVWAQESAPGDPHGWPHEIIIHYYHRHPVYTVIVLCGVALAILVGTASSAACIAKARRDCLTPYALAPNATVPTALAVLCCIRPTNAETFGETLNHLWFNNQPFLWAQLCIPLAALVILFRCFSCCMPFLLVAGVCLGKVDAFEHATTVPNVPGIPYKALVERAGYAPLNLEITVVSSELTPSTNKEYVTCRFHTVIPSPQVKCCGSLECKASSKADYTCRVFGGVYPFMWGGAQCFCDSENTQLSEAYVEFAPDCTIDHAVALKVHTAALKVGLRIVYGNTTAHLDTFVNGVTPGSSRDLKVIAGPISAAFSPFDHKVVIRKGLVYNYDFPEYGAMKPGAFGDIQASSLDATDIVARTDIRLLKPSVKNIHVPYTQAVSGYEMWKNNSGRPLQETAPFGCKIEVEPLRASNCAYGHIPISIDIPDAAFVRSSESPTILEVSCTVADCIYSADFGGSLTLQYKADREGHCPVHSHSTTAVLKEATTHVTAVGSITLHFSTSSPQANFIVSLCGKKTTCNAECKPPADHIIGEPHKVDQEFQAAVSKTSWNWLLALFGGASSLIVVGLIVLVCSSMLINTRR,ETFGETLNHLWFNNQPFLWAQLCIPLAALVILFRCFSCCMPFLLVAGVCLGKVDA,743,797,55,type1_cleaved,VDA-FEH,curated_annotation,WEEV,,0.989,-0.9,ETFGETLNH,LWFNNQPFLWAQLCIPLAALVILFRCFSCCMPFLLVAGVCLG,KVDA,P13897,1,alphavirus_E3,2026-02-17
Q4QXJ7,UniProt,,Eastern equine encephalitis virus (strain Florida 91-469),374598,Structural polyprotein [6K protein],,MFPYPTLNYPPMAPINPMAYRDPNPPRRRWRPFRPPLAAQIEDLRRSIANLTLKQRAPNPPAGPPAKRKKPAPKPKPAQAKKKRPPPPAKKQKRKPKPGKRQRMCMKLESDKTFPIMLNGQVNGYACVVGGRVFKPLHVEGRIDNEQLAAIKLKKASIYDLEYGDVPQCMKSDTLQYTSDKPPGFYNWHHGAVQYENNRFTVPRGVGGKGDSGRPILDNKGRVVAIVLGGVNEGSRTALSVVTWNQKGVTVKDTPEGSEPWSLATVMCVLANITFPCDQPPCMPCCYEKNPHETLTMLEQNYDSRAYDQLLDAAVKCNARRTRRDLDTHFTQYKLARPYIADCPNCGHSRCDSPIAIEEVRGDAHAGVIRIQTSAMFGLKTDGVDLAYMSFMNGKTQKSIKIDNLHVRTSAPCSLVSHHGYYILAQCPPGDTVTVGFHDGPNRHTCTVAHKVEFRPVGREKYRHPPEHGVELPCNRYTHKRADQGHYVEMHQPGLVADHSLLSIHSAKVKITVPSGAQVKYYCKCPDVREGITSSDHTTTCTDVKQCRAYLIDNKKWVYNSGRLPRGEGDTFKGKLHVPFVPVKAKCIATLAPEPLVEHKHRTLILHLHPDHPTLLTTRSLGSDANPTRQWIERPTTVNFTVTGEGLEYTWGNHPPKRVWAQESGEGNPHGWPHEVVVYYYNRYPLTTIIGLCTCVAIIMVSCVTSVWLLCRTRNLCITPYKLAPNAQVPILLALLCCIKPTRADDTLQVLNYLWNNNQNFFWMQTLIPLAALIVCMRMLRCLFCCGPAFLLVCGALGAAAYEHTAVMPNKVGIPYKALVERPGYAPVHLQIQLVNTRIIPSTNLEYITCKYKTKVPSPVVKCCGATQCTSKPHPDYQCQVFTGVYPFMWGGAYCFCDTENTQMSEAYVERSEECSIDHAKAYKVHTGTVQAMVNITYGSVSWRSADVYVNGETPAKIGDAKLIIGPLSSAWSPFDNKVVVYGHEVYNYDFPEYGTGKAGSFGDLQSRTSTSNDLYANTNLKLQRPQAGIVHTPFTQAPSGFERWKRDKGAPLNDVAPFGCSIALEPLRAENCAVGSIPISIDIPDAAFTRISETPTVSDLECKITECTYASDFGGIATVAYKSSKAGNCPIHSPSGVAVIKENDVTLAESGSFTFHFSTANIHPAFKLQVCTSAVTCKGDCKPPKDHIVDYPAQHTESFTSAISATAWSWLKVLVGGTSAFIVLGLIATAVVALVLFFHRH,DDTLQVLNYLWNNNQNFFWMQTLIPLAALIVCMRMLRCLFCCGPAFLLVCGALGAAA,745,801,57,type1_cleaved,AAA-YEH,curated_annotation,EEEV,,0.921,0.0,DDT,LQVLNYLWNNNQNFFWMQTLIPLAALIVCMRMLRCLFCCGPAFLLVCGALGAA,A,Q4QXJ7,1,alphavirus_E3,2026-02-17
Q5WQY5,UniProt,,Chikungunya virus (strain Nagpur),371096,Structural polyprotein [Assembly protein E3],,MEFIPTQTFYNRRYQPRPWTPRPTIQVIRPRPRPQRKAGQLAQLISAVNKLTMRAVPQQKPRKNRKNKKQKQKQQAPRNNMNQKKQPPKKKPAQKKKKPGRRERMCMKIENDCIFEVKHEGKVTGYACLVGDKVMKPAHVKGTIDNADLAKLAFKRSSKYDLECAQIPVHMKSDASKFTHEKPEGYYNWHHGAVQYSGGRFTIPTGAGKPGDSGRPIFDNKGRVVAIVLGGANEGARTALSVVTWNKDIVTKITPEGAEEWSLAIPVMCLLANTTFPCSQPPCAPCCYEKEPEKTLRMLEDNVMSPGYYQLLQASLTCSPRRQRRSIKDNFNVYKATRPYLAHCPDCGEGHSCHSPVALERIRNEATDGTLKIQVSLQIGIKTDDSHDWTKLRYMDNHMPADAERAGLLVRTSAPCTITGTMGHFILARCPKGETLTVGFTDGRKISHSCTHPFHHDPPVIGREKFHSRPQHGKELPCSTYVQSNAATAEEVEVHMPPDTPDRTLMSQQSGNVKITVNSQTVRYKCNCGDSNEGLTTTDKVINNCKVDQCHAAVTNHKKWQYNSPLVPRNVELGDRKGKIHIPFPLANVTCRGPKARNPTVTYGKNQVIMLLYPDHPTLLSYRNMGEEPNYQEEWVTHKKEVRLTVPTEGLEVTWGNNEPYKYWPQLSTNGTAHGHPHEIILYYYELYPTMTVVVVSVASFVLLSMVGVAVGMCMCARRRCITPYELTPGATVPFLLSLICCIRTAKAATYQEAAVYLWNEQQPLFWLQAIIPLAALIVLCNCLRLLPCCCKTLTFLAVMSVGAHTVSAYEHVTVIPNTVGVPYKTLVNRPGYSPMVLEMELLSVTLEPTLSLDYITCEYKTVIPSPYVKCLRYSECKDKSLPDYSCKVFTGVYPFMWGGAYCFCDTENTQLSEAHVEKSESCKTEFASAYRAHTASASGKLRVLYQGNNVTVSAYANGDHAVTVKDAKFIVGPMSSAWTPFDNKIVVYKGDVYNMDYPPFGAGRPGQFGDIQSRTPESEDVYANTQLVLQRPSAGTVHVPYSQAPSGFKYWLKERGASLQHTAPFGCQIATNPVRAMNCAVGNMPISIDIPDAAFTRVVDAPSLTDMSCEVPACTHSSDFGGAAIIKYAASKKGKCAVHSMTNAVTIREAEIEVEGNSQLQISFSTALASAEFRVQVCSTQVHCAAECHPPKDHIVNYPASHTTLGVQDISATAMSWVQKITGGVGLVVAVAALILIVVLCVSFSRH,SLAIPVMCLLANTTFPCSQPPCAPCCYEKEPEKTLRMLEDNVMSPGYYQLLQASLTCSPRRQRR,262,325,64,type1_cleaved,QRR-SIK,curated_annotation,CHIKV,,-0.292,2.0,S,SLAIPVMCLLANTTFPCSQPPCAPCCYEKEPEKTLRMLEDNVMSPGYYQLLQASLTC,SPRRQRR,Q5WQY5,1,alphavirus_E3,2026-02-17
Q5WQY5,UniProt,,Chikungunya virus (strain Nagpur),371096,Structural polyprotein [6K protein],,MEFIPTQTFYNRRYQPRPWTPRPTIQVIRPRPRPQRKAGQLAQLISAVNKLTMRAVPQQKPRKNRKNKKQKQKQQAPRNNMNQKKQPPKKKPAQKKKKPGRRERMCMKIENDCIFEVKHEGKVTGYACLVGDKVMKPAHVKGTIDNADLAKLAFKRSSKYDLECAQIPVHMKSDASKFTHEKPEGYYNWHHGAVQYSGGRFTIPTGAGKPGDSGRPIFDNKGRVVAIVLGGANEGARTALSVVTWNKDIVTKITPEGAEEWSLAIPVMCLLANTTFPCSQPPCAPCCYEKEPEKTLRMLEDNVMSPGYYQLLQASLTCSPRRQRRSIKDNFNVYKATRPYLAHCPDCGEGHSCHSPVALERIRNEATDGTLKIQVSLQIGIKTDDSHDWTKLRYMDNHMPADAERAGLLVRTSAPCTITGTMGHFILARCPKGETLTVGFTDGRKISHSCTHPFHHDPPVIGREKFHSRPQHGKELPCSTYVQSNAATAEEVEVHMPPDTPDRTLMSQQSGNVKITVNSQTVRYKCNCGDSNEGLTTTDKVINNCKVDQCHAAVTNHKKWQYNSPLVPRNVELGDRKGKIHIPFPLANVTCRGPKARNPTVTYGKNQVIMLLYPDHPTLLSYRNMGEEPNYQEEWVTHKKEVRLTVPTEGLEVTWGNNEPYKYWPQLSTNGTAHGHPHEIILYYYELYPTMTVVVVSVASFVLLSMVGVAVGMCMCARRRCITPYELTPGATVPFLLSLICCIRTAKAATYQEAAVYLWNEQQPLFWLQAIIPLAALIVLCNCLRLLPCCCKTLTFLAVMSVGAHTVSAYEHVTVIPNTVGVPYKTLVNRPGYSPMVLEMELLSVTLEPTLSLDYITCEYKTVIPSPYVKCLRYSECKDKSLPDYSCKVFTGVYPFMWGGAYCFCDTENTQLSEAHVEKSESCKTEFASAYRAHTASASGKLRVLYQGNNVTVSAYANGDHAVTVKDAKFIVGPMSSAWTPFDNKIVVYKGDVYNMDYPPFGAGRPGQFGDIQSRTPESEDVYANTQLVLQRPSAGTVHVPYSQAPSGFKYWLKERGASLQHTAPFGCQIATNPVRAMNCAVGNMPISIDIPDAAFTRVVDAPSLTDMSCEVPACTHSSDFGGAAIIKYAASKKGKCAVHSMTNAVTIREAEIEVEGNSQLQISFSTALASAEFRVQVCSTQVHCAAECHPPKDHIVNYPASHTTLGVQDISATAMSWVQKITGGVGLVVAVAALILIVVLCVSFSRH,ATYQEAAVYLWNEQQPLFWLQAIIPLAALIVLCNCLRLLPCCCKTLTFLAVMSVGAHTVSA,749,809,61,type1_cleaved,VSA-YEH,curated_annotation,CHIKV,,0.966,0.1,ATYQE,AAVYLWNEQQPLFWLQAIIPLAALIVLCNCLRLLPCCCKTLTFLAVMSVGAHTVS,A,Q5WQY5,1,alphavirus_E3,2026-02-17
Q5Y388,UniProt,,Getah virus,59300,Structural polyprotein [Assembly protein E3],,MNYIPTQTFYGRRWRPRPAYRPWRVPMQPAPPMVIPELQTPIVQAQQMQQLISAVSALTTKQNGKAPKKPKKKPQKAKAKKNEQQKKNENKKPPPKQKNPAKKKKPGKRERMCMKIENDCIFEVKLDGKVTGYACLVGDKVMKPAHVKGVIDNPDLAKLTYKKSSKYDLECAQIPVHMKSDASKYTHEKPEGHYNWHHGAVQYSGGRFTIPTGAGKPGDSGRPIFDNKGRVVAIVLGGANEGARTALSVVTWTKDMVTRYTPEGTEEWSAALMMCVLANVTFPCSEPACAPCCYEKQPEQTLRMLEDNVDRPGYYDLLEATMTCNNSARHRRSVTKHFNVYKATKPYLAYCADCGDGQFCYSPVAIEKIRDEASDGMIKIQVAAQIGINKGGTHEHNKIRYIAGHDMKEANRDSLQVHTSGVCAIRGTMGHFIVAYCPPGDELKVQFQDAESHTQACKVQYKHAPAPVGREKFTVRPHFGIEVPCTTYQLTTAPTEEEIDMHTPPDIPDITLLSQQSGNVKITAGGKTIRYNCTCGSGNVGTTSSDKTINSCKIAQCHAAVTNHDKWQYTSSFVPRADQLSRKGKVHVPFPLTNSTCRVPVARAPGVTYGKRELTVKLHPDHPTLLTYRSLGADPRPYEEWIDRYVERTIPVTEDGIEYRWGNNPPVRLWAQLTTEGKPHGWPHEIILYYYGLYPAATIAAVSAAGLAVVLSLLASCYMFATARRKCLTPYALTPGAVVPVTLGVLCCAPRAHAASFAESMAYLWDENQTLFWLELATPLAAIIILVCCLKNLLCCCKPLSFLVLVSLGTPVVKSYEHTATIPNVVGFPYKAHIERNGFSPMTLQLEVLGTSLEPTLNLEYITCEYKTVVPSPYIKCCGTSECRSMERPDYQCQVYTGVYPFMWGGAYCFCDTENTQLSEAYVDRSDVCKHDHAAAYKAHTAAMKATIRISYGNLNQTTTAFVNGEHTVTVGGSRFTFGPISTAWTPFDNKIVVYKNDVYNQDFPPYGSGQPGRFGDIQSRTVESKDLYANTALKLSRPSSGTVHVPYTQTPSGFKYWIKERGTSLNDKAPFGCVIKTNPVRAENCAVGNIPVSMDIPDTAFTRVIDAPAVTNLECQVAVCTHSSDFGGIATLTFKTDKPGKCAVHSHSNVATIQEAAVDIKTDGKITLHFSTASASPAFKVSVCSAKTTCMAACEPPKDHIVPYGASHNNQVFPDMSGTAMTWVQRVAGGLGGLTLAAVAVLILVTCVTMRR,SAALMMCVLANVTFPCSEPACAPCCYEKQPEQTLRMLEDNVDRPGYYDLLEATMTCNNSARHRR,269,332,64,type1_cleaved,HRR-SVT,curated_annotation,,,-0.355,-1.9,S,AALMMCVLANVTFPCSEPACAPCCYEKQPEQTLRMLEDNVDRPGYYDLLEATMTC,NNSARHRR,Q5Y388|Q9JGK8,2,alphavirus_E3,2026-02-17
Q5Y388,UniProt,,Getah virus,59300,Structural polyprotein [6K protein],,MNYIPTQTFYGRRWRPRPAYRPWRVPMQPAPPMVIPELQTPIVQAQQMQQLISAVSALTTKQNGKAPKKPKKKPQKAKAKKNEQQKKNENKKPPPKQKNPAKKKKPGKRERMCMKIENDCIFEVKLDGKVTGYACLVGDKVMKPAHVKGVIDNPDLAKLTYKKSSKYDLECAQIPVHMKSDASKYTHEKPEGHYNWHHGAVQYSGGRFTIPTGAGKPGDSGRPIFDNKGRVVAIVLGGANEGARTALSVVTWTKDMVTRYTPEGTEEWSAALMMCVLANVTFPCSEPACAPCCYEKQPEQTLRMLEDNVDRPGYYDLLEATMTCNNSARHRRSVTKHFNVYKATKPYLAYCADCGDGQFCYSPVAIEKIRDEASDGMIKIQVAAQIGINKGGTHEHNKIRYIAGHDMKEANRDSLQVHTSGVCAIRGTMGHFIVAYCPPGDELKVQFQDAESHTQACKVQYKHAPAPVGREKFTVRPHFGIEVPCTTYQLTTAPTEEEIDMHTPPDIPDITLLSQQSGNVKITAGGKTIRYNCTCGSGNVGTTSSDKTINSCKIAQCHAAVTNHDKWQYTSSFVPRADQLSRKGKVHVPFPLTNSTCRVPVARAPGVTYGKRELTVKLHPDHPTLLTYRSLGADPRPYEEWIDRYVERTIPVTEDGIEYRWGNNPPVRLWAQLTTEGKPHGWPHEIILYYYGLYPAATIAAVSAAGLAVVLSLLASCYMFATARRKCLTPYALTPGAVVPVTLGVLCCAPRAHAASFAESMAYLWDENQTLFWLELATPLAAIIILVCCLKNLLCCCKPLSFLVLVSLGTPVVKSYEHTATIPNVVGFPYKAHIERNGFSPMTLQLEVLGTSLEPTLNLEYITCEYKTVVPSPYIKCCGTSECRSMERPDYQCQVYTGVYPFMWGGAYCFCDTENTQLSEAYVDRSDVCKHDHAAAYKAHTAAMKATIRISYGNLNQTTTAFVNGEHTVTVGGSRFTFGPISTAWTPFDNKIVVYKNDVYNQDFPPYGSGQPGRFGDIQSRTVESKDLYANTALKLSRPSSGTVHVPYTQTPSGFKYWIKERGTSLNDKAPFGCVIKTNPVRAENCAVGNIPVSMDIPDTAFTRVIDAPAVTNLECQVAVCTHSSDFGGIATLTFKTDKPGKCAVHSHSNVATIQEAAVDIKTDGKITLHFSTASASPAFKVSVCSAKTTCMAACEPPKDHIVPYGASHNNQVFPDMSGTAMTWVQRVAGGLGGLTLAAVAVLILVTCVTMRR,ASFAESMAYLWDENQTLFWLELATPLAAIIILVCCLKNLLCCCKPLSFLVLVSLGTPVVKS,755,815,61,type1_cleaved,VKS-YEH,curated_annotation,,,1.097,-1.0,A,ASFAESMAYLWDENQTLFWLELATPLAAIIILVCCLKNLLCCCKPLSFLVLVSLGTPVVK,S,Q5Y388,1,alphavirus_E3,2026-02-17
Q8QL52,UniProt,,Alphavirus salmon subtype 2,78540,Structural polyprotein [Assembly protein E3],,MFPMQFTNSAYRQMEPMFAPASRGQVQPYRPRTKRRQEPQVGNAAIAALANQMSALQLQVAGLAGQARVDRRGPRRVQKNKQKKKNSSNGEKPKEKKKKQKQQEKKGSGGEKAKKPRNRPGKEVRISVKRARQSTFPVYHDGAISGYAVLIGSRVFKPAHVKGKFDHPELADIKFQVAEVMDLEAAAYPKCMRDQAAEPATMMDGVYNGEYGNIQEWRTILYSMRAAEASRGDSGRPFTDNSGKVVGIVLGGGPDGRRTRLSVIGFDKKLKAREIAYSEAIPWTRAPALLLLPMVIACTYNSNTFDCSKPSCQDCCITAEPKKAMTMLKDNLNDPNYWDLLIAVTTCSSARKKRAVSTSPVAVYDTQILAAHAAASPYRAYCPDCDGTACISPIAIDEVVSSGSDHVLRIRVGSQSGVTAKGGAAGETSLRYLGRDGKVYAADNTRLVVRTTAKCDVLQATGHYILANCPVGQSLTVAATLDGTRHQCTTVFEHQVTEKFTRERSKGHHLSDLTKKCTRFSTTPKKSALYLVDVYDALPTSVEISTVVTCNERQCTVRVPPGTTVKFDKRCKNAAKETVTFTSDSQTFTCEEPVLTAASITQGKPHLRSSMLPSGGKEVKARIPFPFPPETATCRVSIAPLPSITYEESDVLLAGTAKYPVLLTTRNLGFHSNATSEWIQGKYLRRIPVTPQGIELMLGNNAPLHFWSSVRYASGDADAYPWELLVHHIKHHPEYAWAFVGVACGLLAVAACMFACACNRVRYSLLANTFNPNPPPLTALTAALCCIPGARADQPYLDIIAYLWTNSKVAFGLQCAAPVACMLIVTYALRHCRLCCNSFLGVRGWSALLVILAYVQSCKAYEHTVVVPMDPRAPSYEAVINRNGYDPLKLTIAVNFTVISPTTALEYWTCAGVPVVEPPHVGCCTSVSCPSDLSTLHAFTGKAVSDVHCDVHTNVYPLLWGAAHCFCSTENTQVSAVAATVSEFCAQDSERAEAFSVHSSSVTAEILVTLGEVVTAVHVYVDGVTSARGTDLKIVAGPITTDYSPFDRKVVRIGEEVYNYDWPPYGAGRPGTFGDIQARSTNYVKPNDLYGDIGIEVLQPTNDHVHVAYTYTTSGLLRWLQDAPKPLSVTAPHGCKISANPLLALDCGVGAVPMSINIPDAKFTRKLKDPKPSALKCVVDSCEYGVDYGGAATITYEGHEAGKCGIHSLTPGVPLRTSVVEVVAGANTVKTTFSSPTPEVTLEVEICSAIVKCASECTPPKEHVVAARPRHGSDTGGYISGPAMRWAGRIVGNPSGPVSSSLAVTYCVVKKCRSKRIRIVKS,TRAPALLLLPMVIACTYNSNTFDCSKPSCQDCCITAEPKKAMTMLKDNLNDPNYWDLLIAVTTCSSARKKR,284,354,71,type1_cleaved,KKR-AVS,curated_annotation,,,-0.154,3.0,TRA,PALLLLPMVIACTYNSNTFDCSKPSCQDCCITAEPKKAMTMLKDNLNDPNYWDLLIAVT,TCSSARKKR,Q8QL52,1,alphavirus_E3,2026-02-17
Q8QL52,UniProt,,Alphavirus salmon subtype 2,78540,Structural polyprotein [6K protein],,MFPMQFTNSAYRQMEPMFAPASRGQVQPYRPRTKRRQEPQVGNAAIAALANQMSALQLQVAGLAGQARVDRRGPRRVQKNKQKKKNSSNGEKPKEKKKKQKQQEKKGSGGEKAKKPRNRPGKEVRISVKRARQSTFPVYHDGAISGYAVLIGSRVFKPAHVKGKFDHPELADIKFQVAEVMDLEAAAYPKCMRDQAAEPATMMDGVYNGEYGNIQEWRTILYSMRAAEASRGDSGRPFTDNSGKVVGIVLGGGPDGRRTRLSVIGFDKKLKAREIAYSEAIPWTRAPALLLLPMVIACTYNSNTFDCSKPSCQDCCITAEPKKAMTMLKDNLNDPNYWDLLIAVTTCSSARKKRAVSTSPVAVYDTQILAAHAAASPYRAYCPDCDGTACISPIAIDEVVSSGSDHVLRIRVGSQSGVTAKGGAAGETSLRYLGRDGKVYAADNTRLVVRTTAKCDVLQATGHYILANCPVGQSLTVAATLDGTRHQCTTVFEHQVTEKFTRERSKGHHLSDLTKKCTRFSTTPKKSALYLVDVYDALPTSVEISTVVTCNERQCTVRVPPGTTVKFDKRCKNAAKETVTFTSDSQTFTCEEPVLTAASITQGKPHLRSSMLPSGGKEVKARIPFPFPPETATCRVSIAPLPSITYEESDVLLAGTAKYPVLLTTRNLGFHSNATSEWIQGKYLRRIPVTPQGIELMLGNNAPLHFWSSVRYASGDADAYPWELLVHHIKHHPEYAWAFVGVACGLLAVAACMFACACNRVRYSLLANTFNPNPPPLTALTAALCCIPGARADQPYLDIIAYLWTNSKVAFGLQCAAPVACMLIVTYALRHCRLCCNSFLGVRGWSALLVILAYVQSCKAYEHTVVVPMDPRAPSYEAVINRNGYDPLKLTIAVNFTVISPTTALEYWTCAGVPVVEPPHVGCCTSVSCPSDLSTLHAFTGKAVSDVHCDVHTNVYPLLWGAAHCFCSTENTQVSAVAATVSEFCAQDSERAEAFSVHSSSVTAEILVTLGEVVTAVHVYVDGVTSARGTDLKIVAGPITTDYSPFDRKVVRIGEEVYNYDWPPYGAGRPGTFGDIQARSTNYVKPNDLYGDIGIEVLQPTNDHVHVAYTYTTSGLLRWLQDAPKPLSVTAPHGCKISANPLLALDCGVGAVPMSINIPDAKFTRKLKDPKPSALKCVVDSCEYGVDYGGAATITYEGHEAGKCGIHSLTPGVPLRTSVVEVVAGANTVKTTFSSPTPEVTLEVEICSAIVKCASECTPPKEHVVAARPRHGSDTGGYISGPAMRWAGRIVGNPSGPVSSSLAVTYCVVKKCRSKRIRIVKS,DQPYLDIIAYLWTNSKVAFGLQCAAPVACMLIVTYALRHCRLCCNSFLGVRGWSALLVILAYVQSCKA,793,860,68,type1_cleaved,CKA-YEH,curated_annotation,,,0.807,3.1,DQPY,LDIIAYLWTNSKVAFGLQCAAPVACMLIVTYALRHCRLCCNSFLGVRGWSALLVILAYV,QSCKA,Q8QL52,1,alphavirus_E3,2026-02-17
Q8QZ72,UniProt,,Mayaro virus (strain Brazil),374990,Structural polyprotein [Assembly protein E3],,MDFLPTQVFYGRRWRPRMPPRPWRPRMPTMQRPDQQARQMQQLIAAVSTLALRQNAAAPQRGKKKQPRRKKPKPQPEKPKKQEQKPKQKKAPKRKPGRRERMCMKIEHDCIFEVKHEGKVTGYACLVGDKVMKPAHVPGVIDNADLARLSYKKSSKYDLECAQIPVAMKSDASKYTHEKPEGHYNWHYGAVQYTGGRFTVPTGVGKPGDSGRPIFDNKGPVVAIVLGGANEGTRTALSVVTWNKDMVTKITPEGTVEWAASTVTAMCLLTNISFPCFQPSCAPCCYEKGPEPTLRMLEENVNSEGYYDLLHAAVYCRNSSRSKRSTANHFNAYKLTRPYVAYCADCGMGHSCHSPAMIENIQADATDGTLKIQFASQIGLTKTDTHDHTKIRYAEGHDIAEAARSTLKVHSSSECTVTGTMGHFILAKCPPGERISVSFVDSKNEHRTCRIAYHHEQRLIGRERFTVRPHHGIELPCTTYQLTTAETSEEIDMHMPPDIPDRTILSQQSGNVKITVNGRTVRYSSSCGSQAVGTTTTDKTINSCTVDKCQAYVTSHTKWQFNSPFVPRRMQAERKGKVHIPFPLINTTCRVPLAPEALVRSGKREATLSLHPIHPTLLSYRTFGAERVFDEQWITAQTEVTIPVPVEGVEYQWGNHKPQRFVVALTTEGKAHGWPHEIIEYYYGLHPTTTIVVVIRVSVVVLLSFAASVYMCVVARTKCLTPYALTPGAVVPVTIGVLCCAPKAHAASFAEGMAYLWDNNQSMFWMELTGPLALLILATCCARSLLSCCKGSFLVAMSIGSAVASAYEHTAIIPNQVGFPYKAHVAREGYSPLTLQMQVIETSLEPTLNLEYITCDYKTKVPSPYVKCCGTAECRTQDKPEYKCAVFTGVYPFMWGGAYCFCDSENTQMSEAYVERADVCKHDHAAAYRAHTASLRAKIKVTYGTVNQTVEAYVNGDHAVTIAGTKFIFGPVSTPWTPFDTKILVYKGELYNQDFPRYGAGQPGRFGDIQSRTLDSRDLYANTGLKLARPAAGNIHVPYTQTPSGFKTWQKDRDSPLNAKAPFGCIIQTNPVRAMNCAVGNIPVSMDIADSAFTRLTDAPVISELTCTVSTCTHSSDFGGIAVLSYKVEKSGRCDIHSHSNVAVLQEVSIETEGRSVIHFSTASASPSFVVSVCSSRATCTAKCEPPKDHVVTYPANHNGVTLPDLSSTAMTWAQHLAGGVGLLIALAVLILVIVTCVTLRR,AASTVTAMCLLTNISFPCFQPSCAPCCYEKGPEPTLRMLEENVNSEGYYDLLHAAVYCRNSSRSKR,259,324,66,type1_cleaved,SKR-STA,curated_annotation,MAYV,,-0.224,0.1,AAST,VTAMCLLTNISFPCFQPSCAPCCYEKGPEPTLRMLEENVNSEGYYDLLHAAVYC,RNSSRSKR,Q8QZ72,1,alphavirus_E3,2026-02-17
Q8QZ72,UniProt,,Mayaro virus (strain Brazil),374990,Structural polyprotein [6K protein],,MDFLPTQVFYGRRWRPRMPPRPWRPRMPTMQRPDQQARQMQQLIAAVSTLALRQNAAAPQRGKKKQPRRKKPKPQPEKPKKQEQKPKQKKAPKRKPGRRERMCMKIEHDCIFEVKHEGKVTGYACLVGDKVMKPAHVPGVIDNADLARLSYKKSSKYDLECAQIPVAMKSDASKYTHEKPEGHYNWHYGAVQYTGGRFTVPTGVGKPGDSGRPIFDNKGPVVAIVLGGANEGTRTALSVVTWNKDMVTKITPEGTVEWAASTVTAMCLLTNISFPCFQPSCAPCCYEKGPEPTLRMLEENVNSEGYYDLLHAAVYCRNSSRSKRSTANHFNAYKLTRPYVAYCADCGMGHSCHSPAMIENIQADATDGTLKIQFASQIGLTKTDTHDHTKIRYAEGHDIAEAARSTLKVHSSSECTVTGTMGHFILAKCPPGERISVSFVDSKNEHRTCRIAYHHEQRLIGRERFTVRPHHGIELPCTTYQLTTAETSEEIDMHMPPDIPDRTILSQQSGNVKITVNGRTVRYSSSCGSQAVGTTTTDKTINSCTVDKCQAYVTSHTKWQFNSPFVPRRMQAERKGKVHIPFPLINTTCRVPLAPEALVRSGKREATLSLHPIHPTLLSYRTFGAERVFDEQWITAQTEVTIPVPVEGVEYQWGNHKPQRFVVALTTEGKAHGWPHEIIEYYYGLHPTTTIVVVIRVSVVVLLSFAASVYMCVVARTKCLTPYALTPGAVVPVTIGVLCCAPKAHAASFAEGMAYLWDNNQSMFWMELTGPLALLILATCCARSLLSCCKGSFLVAMSIGSAVASAYEHTAIIPNQVGFPYKAHVAREGYSPLTLQMQVIETSLEPTLNLEYITCDYKTKVPSPYVKCCGTAECRTQDKPEYKCAVFTGVYPFMWGGAYCFCDSENTQMSEAYVERADVCKHDHAAAYRAHTASLRAKIKVTYGTVNQTVEAYVNGDHAVTIAGTKFIFGPVSTPWTPFDTKILVYKGELYNQDFPRYGAGQPGRFGDIQSRTLDSRDLYANTGLKLARPAAGNIHVPYTQTPSGFKTWQKDRDSPLNAKAPFGCIIQTNPVRAMNCAVGNIPVSMDIADSAFTRLTDAPVISELTCTVSTCTHSSDFGGIAVLSYKVEKSGRCDIHSHSNVAVLQEVSIETEGRSVIHFSTASASPSFVVSVCSSRATCTAKCEPPKDHVVTYPANHNGVTLPDLSSTAMTWAQHLAGGVGLLIALAVLILVIVTCVTLRR,ASFAEGMAYLWDNNQSMFWMELTGPLALLILATCCARSLLSCCKGSFLVAMSIGSAVASA,747,806,60,type1_cleaved,ASA-YEH,curated_annotation,MAYV,,0.868,-1.0,A,ASFAEGMAYLWDNNQSMFWMELTGPLALLILATCCARSLLSCCKGSFLVAMSIGSAVAS,A,Q8QZ72,1,alphavirus_E3,2026-02-17
O90369,UniProt,,O'nyong-nyong virus (strain SG650),374989,Structural polyprotein [Assembly protein E3],,MEFIPAQTYYNRRYQPRPWTQRPTIQVIRPKPRRSRPAGQLAQLISAVSRLALRTVPQKPRRTRKTKKQKQVKQEQQSTRNQKKKAPKQKQTQKKKRPGRRERMCMKIENDCIFEVKHEGKITGYACLVGDKVMKPAHVKGTIDNADLAKLAFKRSSKYDLECAQIPVHMKSDASKFTHEKPEGYYNWHHGAVQYSGGRFTIPTGAGKPGDSGRPIFDNKGRVVAIVLGGANEGTRTALSVVTWNKDIVTKITPEGSVEWSLALPVMCLLANTTFPCSQPPCAPCCYEKKPEETLRMLEDNVMQPGYYQLLDSALACSQHRQRRNARENFNVYKVTRPYLAHCPDCGEGHSCHSPIALERIRSEATDGTLKIQVSLQIGIKTDDSHDWTKLRYMDSHTPVDADRSGLFVRTSAPCTITGTMGHFILARCPKGETLTVGFVDSRRISHTCMHPFHHEPPLIGREKFHSRPQHGKELPCSTYVHTTAATTEEIEVHMPPDTPDYTLMTQQAGNVKITVDGQTVRYKCKCDGSNEGLITTDKVINNCKVDQCHTAVTNHKKWQYNSPLTPRNSEQGDRKGKIHIPFPLVNTTCRVPKARNPTITYGKNRVTLLLYPDHPTLLSYRSMGRIPDYHEEWITSKKEISITVPAEGLEVTWGNNDPYKYWPQLSTNGTAHGHPHEIILYYYELYPTTTIAVLAAASIVVASLVSLSLGMCICARRRCITPYELTPGATIPFLLGVLCCVKTAKAASYYEAATYLWNEQQPLFWLQLLIPLSAAIVACNCLKLLPCCCKTLTFLAVMSIGARTVSAYEHATVIPNTVGVPYKTLVSRPGYSPMVLEMELQSVTLEPTLFLDYITCEYKTITPSPYVKCCGTAECKAKNLPDYNCKVFTGVYPFMWGGAYCFCDAENTQLSEAHVEKSESCKTEFASAYRAHTASVSAKLRVFYQGNNITVSAYANGDHAVTVKDAKFVIGPLSSAWSPFDNKIVVYKGEVYNMDYPPFGAGRPGQFGDIQSRTPDSKDVYANTQLILQRPAAGAIHVPYSQAPSGFKYWLKEKGASLQHTAPFGCQIATNPVRAVNCAVGNIPVSIDIPDAAFTRVTDAPSVTDMSCEVASCTHSSDFGGAAVVKYTASKKGKCAVHSLTNAVTIREPNVDVEGTAQLQIAFSTALASAEFKVQICSTQVHCSATCHPPKDHIVNYPSPHTTLGVQDISTTAMSWVQKITGGVGLVVAIAALILIIVLCVSFSRH,SLALPVMCLLANTTFPCSQPPCAPCCYEKKPEETLRMLEDNVMQPGYYQLLDSALACSQHRQRR,261,324,64,type1_cleaved,QRR-NAR,curated_annotation,ONNV,,-0.316,0.1,S,SLALPVMCLLANTTFPCSQPPCAPCCYEKKPEETLRMLEDNVMQPGYYQLLDSALACS,QHRQRR,O90369|O90371,2,alphavirus_E3,2026-02-17
O90369,UniProt,,O'nyong-nyong virus (strain SG650),374989,Structural polyprotein [6K protein],,MEFIPAQTYYNRRYQPRPWTQRPTIQVIRPKPRRSRPAGQLAQLISAVSRLALRTVPQKPRRTRKTKKQKQVKQEQQSTRNQKKKAPKQKQTQKKKRPGRRERMCMKIENDCIFEVKHEGKITGYACLVGDKVMKPAHVKGTIDNADLAKLAFKRSSKYDLECAQIPVHMKSDASKFTHEKPEGYYNWHHGAVQYSGGRFTIPTGAGKPGDSGRPIFDNKGRVVAIVLGGANEGTRTALSVVTWNKDIVTKITPEGSVEWSLALPVMCLLANTTFPCSQPPCAPCCYEKKPEETLRMLEDNVMQPGYYQLLDSALACSQHRQRRNARENFNVYKVTRPYLAHCPDCGEGHSCHSPIALERIRSEATDGTLKIQVSLQIGIKTDDSHDWTKLRYMDSHTPVDADRSGLFVRTSAPCTITGTMGHFILARCPKGETLTVGFVDSRRISHTCMHPFHHEPPLIGREKFHSRPQHGKELPCSTYVHTTAATTEEIEVHMPPDTPDYTLMTQQAGNVKITVDGQTVRYKCKCDGSNEGLITTDKVINNCKVDQCHTAVTNHKKWQYNSPLTPRNSEQGDRKGKIHIPFPLVNTTCRVPKARNPTITYGKNRVTLLLYPDHPTLLSYRSMGRIPDYHEEWITSKKEISITVPAEGLEVTWGNNDPYKYWPQLSTNGTAHGHPHEIILYYYELYPTTTIAVLAAASIVVASLVSLSLGMCICARRRCITPYELTPGATIPFLLGVLCCVKTAKAASYYEAATYLWNEQQPLFWLQLLIPLSAAIVACNCLKLLPCCCKTLTFLAVMSIGARTVSAYEHATVIPNTVGVPYKTLVSRPGYSPMVLEMELQSVTLEPTLFLDYITCEYKTITPSPYVKCCGTAECKAKNLPDYNCKVFTGVYPFMWGGAYCFCDAENTQLSEAHVEKSESCKTEFASAYRAHTASVSAKLRVFYQGNNITVSAYANGDHAVTVKDAKFVIGPLSSAWSPFDNKIVVYKGEVYNMDYPPFGAGRPGQFGDIQSRTPDSKDVYANTQLILQRPAAGAIHVPYSQAPSGFKYWLKEKGASLQHTAPFGCQIATNPVRAVNCAVGNIPVSIDIPDAAFTRVTDAPSVTDMSCEVASCTHSSDFGGAAVVKYTASKKGKCAVHSLTNAVTIREPNVDVEGTAQLQIAFSTALASAEFKVQICSTQVHCSATCHPPKDHIVNYPSPHTTLGVQDISTTAMSWVQKITGGVGLVVAIAALILIIVLCVSFSRH,ASYYEAATYLWNEQQPLFWLQLLIPLSAAIVACNCLKLLPCCCKTLTFLAVMSIGARTVSA,748,808,61,type1_cleaved,VSA-YEH,curated_annotation,ONNV,,0.826,1.0,ASYYEAATYLWNEQQ,PLFWLQLLIPLSAAIVACNCLKLLPCCCKTLTFLAVMSIGARTVS,A,O90369,1,alphavirus_E3,2026-02-17
P05674,UniProt,,Venezuelan equine encephalitis virus (strain TC-83),11037,Structural polyprotein [6K protein],,MFPFQPMYPMQPMPYRNPFAAPRRPWFPRTDPFLAMQVQELTRSMANLTFKQRRDAPPEGPSAKKPKKEASQKQKGGGQGKKKKNQGKKKAKTGPPNPKAQNGNKKKTNKKPGKRQRMVMKLESDKTFPIMLEGKINGYACVVGGKLFRPMHVEGKIDNDVLAALKTKKASKYDLEYADVPQNMRADTFKYTHEKPQGYYSWHHGAVQYENGRFTVPKGVGAKGDSGRPILDNQGRVVAIVLGGVNEGSRTALSVVMWNEKGVTVKYTPENCEQWSLVTTMCLLANVTFPCAQPPICYDRKPAETLAMLSVNVDNPGYDELLEAAVKCPGRKRRSTEELFNEYKLTRPYMARCIRCAVGSCHSPIAIEAVKSDGHDGYVRLQTSSQYGLDSSGNLKGRTMRYDMHGTIKEIPLHQVSLYTSRPCHIVDGHGYFLLARCPAGDSITMEFKKDSVRHSCSVPYEVKFNPVGRELYTHPPEHGVEQACQVYAHDAQNRGAYVEMHLPGSEVDSSLVSLSGSSVTVTPPDGTSALVECECGGTKISETINKTKQFSQCTKKEQCRAYRLQNDKWVYNSDKLPKAAGATLKGKLHVPFLLADGKCTVPLAPEPMITFGFRSVSLKLHPKNPTYLITRQLADEPHYTHELISEPAVRNFTVTEKGWEFVWGNHPPKRFWAQETAPGNPHGLPHEVITHYYHRYPMSTILGLSICAAIATVSVAASTWLFCRSRVACLTPYRLTPNARIPFCLAVLCCARTARAETTWESLDHLWNNNQQMFWIQLLIPLAALIVVTRLLRCVCCVVPFLVMAGAAAPAYEHATTMPSQAGISYNTIVNRAGYAPLPISITPTKIKLIPTVNLEYVTCHYKTGMDSPAIKCCGSQECTPTYRPDEQCKVFTGVYPFMWGGAYCFCDTENTQVSKAYVMKSDDCLADHAEAYKAHTASVQAFLNITVGEHSIVTTVYVNGETPVNFNGVKITAGPLSTAWTPFDRKIVQYAGEIYNYDFPEYGAGQPGAFGDIQSRTVSSSDLYANTNLVLQRPKAGAIHVPYTQAPSGFEQWKKDKAPSLKFTAPFGCEIYTNPIRAENCAVGSIPLAFDIPDALFTRVSETPTLSAAECTLNECVYSSDFGGIATVKYSASKSGKCAVHVPSGTATLKEAAVELTEQGSATIHFSTANIHPEFRLQICTSYVTCKGDCHPPKDHIVTHPQYHAQTFTAAVSKTAWTWLTSLLGGSAVIIIIGLVLATIVAMYVLTNQKHN,ETTWESLDHLWNNNQQMFWIQLLIPLAALIVVTRLLRCVCCVVPFLVMAGAAAPA,758,812,55,type1_cleaved,APA-YEH,curated_annotation,VEEV,,0.871,-0.9,ETTWESLDHLWNNNQQ,MFWIQLLIPLAALIVVTRLLRCVCCVVPFLVMAGAAA,PA,P05674,1,alphavirus_E3,2026-02-17
P08491,UniProt,,Ross river virus (strain T48),11032,Structural polyprotein [6K protein],,MNYIPTQTFYGRRWRPRPAFRPWQVSMQPTPTMVTPMLQAPDLQAQQMQQLISAVSALTTKQNVKAPKGQRQKKQQKPKEKKENQKKKPTQKKKQQQKPKPQAKKKKPGRRERMCMKIENDCIFEVKLDGKVTGYACLVGDKVMKPAHVKGTIDNPDLAKLTYKKSSKYDLECAQIPVHMKSDASKYTHEKPEGHYNWHHGAVQYSGGRFTIPTGAGKPGDSGRPIFDNKGRVVAIVLGGANEGARTALSVVTWTKDMVTRVTPEGTEEWSAALMMCILANTSFPCSSPPCYPCCYEKQPEQTLRMLEDNVNRPGYYELLEASMTCRNRSRHRRSVTEHFNVYKATRPYLAYCADCGDGYFCYSPVAIEKIRDEAPDGMLKIQVSAQIGLDKAGTHAHTKIRYMAGHDVQESKRDSLRVYTSAACSIHGTMGHFIVAHCPPGDYLKVSFEDADSHVKACKVQYKHDPLPVGREKFVVRPHFGVELPCTSYQLTTAPTDEEIDMHTPPDIPDRTLLSQTAGNVKITAGGRTIRYNCTCGRDNVGTTSTDKTINTCKIDQCHAAVTSHDKWQFTSPFVPRADQTARRGKVHVPFPLTNVTCRVPLARAPDVTYGKKEVTLRLHPDHPTLFSYRSLGAEPHPYEEWVDKFSERIIPVTEEGIEYQWGNNPPVRLWAQLTTEGKPHGWPHEIIQYYYGLYPAATIAAVSGASLMALLTLAATCCMLATARRKCLTPYALTPGAVVPLTLGLLCCAPRANAASFAETMAYLWDENKTLFWMEFAAPAAALALLACCIKSLICCCKPFSFLVLLSLGASAKAYEHTATIPNVVGFPYKAHIERNGFSPMTLQLEVVETSWEPTLNLEYITCEYKTVVPSPFIKCCGTSECSSKEQPDYQCKVYTGVYPFMWGGAYCFCDSENTQLSEAYVDRSDVCKHDHASAYKAHTASLKATIRISYGTINQTTEAFVNGEHAVNVGGSKFIFGPISTAWSPFDNKIVVYKDDVYNQDFPPYGSGQPGRFGDIQSRTVESKDLYANTALKLSRPSPGVVHVPYTPTPSGFKYWLKEKGSSLNTKAPFGCKIKTNPVRAMDCAVGSIPVSMDIPDSAFTRVVDAPAVTDLSCQVVVCTHSSDFGGVATLSYKTDKPGKCAVHSHSNVATLQEATVDVKEDGKVTVHFSTASASPAFKVSVCDAKTTCTAACEPPKDHIVPYGASHNNQVFPDMSGTAMTWVQRLASGLGGLALIAVVVLVLVTCITMRR,ASFAETMAYLWDENKTLFWMEFAAPAAALALLACCIKSLICCCKPFSFLVLLSLGASAKA,757,816,60,type1_cleaved,AKA-YEH,curated_annotation,RRV,,0.995,0.0,A,ASFAETMAYLWDENKTLFWMEFAAPAAALALLACCIKSLICCCKPFSFLVLLSLGA,SAKA,P08491,1,alphavirus_E3,2026-02-17
P09592,UniProt,,Venezuelan equine encephalitis virus (strain Trinidad donkey),11038,Structural polyprotein [6K protein],,MFPFQPMYPMQPMPYRNPFAAPRRPWFPRTDPFLAMQVQELTRSMANLTFKQRRDAPPEGPSAKKPKKEASQKQKGGGQGKKKKNQGKKKAKTGPPNPKAQNGNKKKTNKKPGKRQRMVMKLESDKTFPIMLEGKINGYACVVGGKLFRPMHVEGKIDNDVLAALKTKKASKYDLEYADVPQNMRADTFKYTHEKPQGYYSWHHGAVQYENGRFTVPKGVGAKGDSGRPILDNQGRVVAIVLGGVNEGSRTALSVVMWNEKGVTVKYTPENCEQWSLVTTMCLLANVTFPCAQPPICYDRKPAETLAMLSVNVDNPGYDELLEAAVKCPGRKRRSTEELFKEYKLTRPYMARCIRCAVGSCHSPIAIEAVKSDGHDGYVRLQTSSQYGLDSSGNLKGRTMRYDMHGTIKEIPLHQVSLHTSRPCHIVDGHGYFLLARCPAGDSITMEFKKDSVTHSCSVPYEVKFNPVGRELYTHPPEHGVEQACQVYAHDAQNRGAYVEMHLPGSEVDSSLVSLSGSSVTVTPPVGTSALVECECGGTKISETINKTKQFSQCTKKEQCRAYRLQNDKWVYNSDKLPKAAGATLKGKLHVPFLLADGKCTVPLAPEPMITFGFRSVSLKLHPKNPTYLTTRQLADEPHYTHELISEPAVRNFTVTEKGWEFVWGNHPPKRFWAQETAPGNPHGLPHEVITHYYHRYPMSTILGLSICAAIATVSVAASTWLFCRSRVACLTPYRLTPNARIPFCLAVLCCARTARAETTWESLDHLWNNNQQMFWIQLLIPLAALIVVTRLLRCVCCVVPFLVMAGAAAGAYEHATTMPSQAGISYNTIVNRAGYAPLPISITPTKIKLIPTVNLEYVTCHYKTGMDSPAIKCCGSQECTPTYRPDEQCKVFTGVYPFMWGGAYCFCDTENTQVSKAYVMKSDDCLADHAEAYKAHTASVQAFLNITVGEHSIVTTVYVNGETPVNFNGVKLTAGPLSTAWTPFDRKIVQYAGEIYNYDFPEYGAGQPGAFGDIQSRTVSSSDLYANTNLVLQRPKAGAIHVPYTQAPSGFEQWKKDKAPSLKFTAPFGCEIYTNPIRAENCAVGSIPLAFDIPDALFTRVSETPTLSAAECTLNECVYSSDFGGIATVKYSASKSGKCAVHVPSGTATLKEAAVELTEQGSATIHFSTANIHPEFRLQICTSYVTCKGDCHPPKDHIVTHPQYHAQTFTAAVSKTAWTWLTSLLGGSAVIIIIGLVLATIVAMYVLTNQKHN,ETTWESLDHLWNNNQQMFWIQLLIPLAALIVVTRLLRCVCCVVPFLVMAGAAAGA,758,812,55,type1_cleaved,AGA-YEH,curated_annotation,VEEV,,0.893,-0.9,ETTWESLDHLWNNNQQ,MFWIQLLIPLAALIVVTRLLRCVCCVVPFLVMAGAAAG,A,P09592,1,alphavirus_E3,2026-02-17
P89946,UniProt,,Barmah forest virus,11020,Structural polyprotein [Assembly protein E3],,MDFIPTQTFYGRRWRPAPVQRYIPQPQPPAPPRRRRGPSQLQQLVAALGALALQPKQKQKRAQKKPKKTPPPKPKKTQKPKKPTQKKKSKPGKRMRNCMKIENDCIFPVMLDGKVNGYACLVGDKVMKPAHVKGTIDNPELAKLTFKKSSKYDLECAQVPVCMKSDASKFTHEKPEGHYNWHHGAVQFSNGRFTIPTGSGKPGDSGRPIFDNTGKVVAIVLGGANEGARTALSVVTWNKDMVTRITPEESVEWSAAALNITALCVLQNLSFPCDAPPCAPCCYEKDPAGTLRLLSDHYYHPKYYELLDSTMHCPQGRRPKRSVAHFEAYKATRPYIGWCADCGLAGSCPSPVSIEHVWSDADDGVLKIQVSMQIGIAKSNTINHAKIRYMGANGVQEAERSTLSVSTTAPCDILATMGHFILARCRPGSQVEVSLSTDPKLLCRTPFSHKPRFIGNEKSPAPTGHKTRIPCKTYSHQTDLTREEITMHVPPDVPIQGLVSNTGKSYSLDPKTKTIKYKCTCGETVKEGTATNKITLFNCDTAPKCITYAVDNTVWQYNSQYVPRSEVTEVKGKIHVPFPLTDSTCAVSVAPEPQVTYRLGEVEFHFHPMYPTLFSIRSLGKDPSHSQEWIDTPMSKTIQVGAEGVEYVWGNNNPVRLWAQKSSSSSAHGNPISIVSHYYDLYPYWTITVLASLGLLIVISSGFSCFLCSVARTKCLTPYQLAPGAQLPTFIALLCCAKSARADTLDDFSYLWTNNQAMFWLQLASPVAAFLCLSYCCRNLACCMKIFLGISGLCVIATQAYEHSTTMPNQVGIPFKALIERPGYAGLPLSLVVIKSELVPSLVQDYITCNYKTVVPSPYIKCCGGAECSHKNEADYKCSVFTGVYPFMWGGAYCFCDTENSQMSEVYVTRGESCEADHAIAYQVHTASLKAQVMISIGELNQTVDVFVNGDSPARIQQSKFILGPISSAWSPFDHKVIVYRDEVYNEDYAPYGSGQAGRFGDIQSRTVNSTDVYANTNLKLKRPASGNVHVPYTQTPSGFSYWKKEKGVPLNRNAPFGCIIKVNPVRAENCVYGNIPISMDIADAHFTRIDESPSVSLKACEVQSCTYSSDFGGVASISYTSNKVGKCAIHSHSNSATMKDSVQDVQESGALSLFFATSSVEPNFVVQVCNARITCHGKCEPPKDHIVPYAAKHNDAEFPSISTTAWQWLAHTTSGPLTILVVAIIVVVVVSIVVCARH,SAAALNITALCVLQNLSFPCDAPPCAPCCYEKDPAGTLRLLSDHYYHPKYYELLDSTMHCPQGRRPKR,254,321,68,type1_cleaved,PKR-SVA,curated_annotation,BFV,,-0.36,1.3,S,AAALNITALCVLQNLSFPCDAPPCAPCCYEKDPAGTLRLLSDHYYHPKYYELLD,STMHCPQGRRPKR,P89946,1,alphavirus_E3,2026-02-17
P89946,UniProt,,Barmah forest virus,11020,Structural polyprotein [6K protein],,MDFIPTQTFYGRRWRPAPVQRYIPQPQPPAPPRRRRGPSQLQQLVAALGALALQPKQKQKRAQKKPKKTPPPKPKKTQKPKKPTQKKKSKPGKRMRNCMKIENDCIFPVMLDGKVNGYACLVGDKVMKPAHVKGTIDNPELAKLTFKKSSKYDLECAQVPVCMKSDASKFTHEKPEGHYNWHHGAVQFSNGRFTIPTGSGKPGDSGRPIFDNTGKVVAIVLGGANEGARTALSVVTWNKDMVTRITPEESVEWSAAALNITALCVLQNLSFPCDAPPCAPCCYEKDPAGTLRLLSDHYYHPKYYELLDSTMHCPQGRRPKRSVAHFEAYKATRPYIGWCADCGLAGSCPSPVSIEHVWSDADDGVLKIQVSMQIGIAKSNTINHAKIRYMGANGVQEAERSTLSVSTTAPCDILATMGHFILARCRPGSQVEVSLSTDPKLLCRTPFSHKPRFIGNEKSPAPTGHKTRIPCKTYSHQTDLTREEITMHVPPDVPIQGLVSNTGKSYSLDPKTKTIKYKCTCGETVKEGTATNKITLFNCDTAPKCITYAVDNTVWQYNSQYVPRSEVTEVKGKIHVPFPLTDSTCAVSVAPEPQVTYRLGEVEFHFHPMYPTLFSIRSLGKDPSHSQEWIDTPMSKTIQVGAEGVEYVWGNNNPVRLWAQKSSSSSAHGNPISIVSHYYDLYPYWTITVLASLGLLIVISSGFSCFLCSVARTKCLTPYQLAPGAQLPTFIALLCCAKSARADTLDDFSYLWTNNQAMFWLQLASPVAAFLCLSYCCRNLACCMKIFLGISGLCVIATQAYEHSTTMPNQVGIPFKALIERPGYAGLPLSLVVIKSELVPSLVQDYITCNYKTVVPSPYIKCCGGAECSHKNEADYKCSVFTGVYPFMWGGAYCFCDTENSQMSEVYVTRGESCEADHAIAYQVHTASLKAQVMISIGELNQTVDVFVNGDSPARIQQSKFILGPISSAWSPFDHKVIVYRDEVYNEDYAPYGSGQAGRFGDIQSRTVNSTDVYANTNLKLKRPASGNVHVPYTQTPSGFSYWKKEKGVPLNRNAPFGCIIKVNPVRAENCVYGNIPISMDIADAHFTRIDESPSVSLKACEVQSCTYSSDFGGVASISYTSNKVGKCAIHSHSNSATMKDSVQDVQESGALSLFFATSSVEPNFVVQVCNARITCHGKCEPPKDHIVPYAAKHNDAEFPSISTTAWQWLAHTTSGPLTILVVAIIVVVVVSIVVCARH,DTLDDFSYLWTNNQAMFWLQLASPVAAFLCLSYCCRNLACCMKIFLGISGLCVIATQA,743,800,58,type1_cleaved,TQA-YEH,curated_annotation,BFV,,0.805,-1.0,DTLDDFSYLWTNNQ,AMFWLQLASPVAAFLCLSYCCRNLACCMKIFLGISGLCVIAT,QA,P89946,1,alphavirus_E3,2026-02-17
O90371,UniProt,,O'nyong-nyong virus (strain Igbo Ora),79899,Structural polyprotein [6K protein],,MEFIPAQTYYNRRYQPRPWTQRPTIQVIRPKPRRRRPAGQLAQLISAVSRLALRTVPQKPRRTRKIKKQKQVKQEQQSTRNQKKKAPKQKQTQKKKRPGRRERMCMKIENDCIFEVKHEGKVTGYACLVGDKVMKPAHVKGTIDNADLAKLAFKRSSKYDLECAQIPVHMKSDASKFTHEKPEGYYNWHHGAVQYSGGRFTIPTGAGKPGDSGRPIFDNKGRVVAIVLGGANEGTRTALSVVTWNKDIVTKITPEGSVEWSLALPVMCLLANTTFPCSQPPCAPCCYEKKPEETLRMLEDNVMQPGYYQLLDSALACSQHRQRRNARENFNVYKVTRPYLAHCPDCGEGHSCHSPIALERIRSEATDGTLKIQVSLQIGIKTADSHDWTKLRYMDSHTPVDADRSGLFVRTSAPCTITGTMGHFILARCPKGETLTVGFVDSRRISHTCMHPFHHEPPLIGREKFHSRPQHGKELPCSTYVHTTAATTEEIEVHMPPDTPDYTLMTQQAGNVKITVDGQTVRYKCKCDGSNEGLITTDKVINNCKVDQCHTAVTNHKKWQYNSPLTPRNSEQGDRKGKIHIPFPLVNTTCRVPKARNPTVTYGKNRVTLLLYPDHPTLLSYRAMGRIPDYHEEWITSKKEISITVPAEGLEVTWGNNDPYKYWPQLSTNGTAHGHPHEIILYYYELYPTTTIAVLAAASIVVASLVGLSLGMCICARRRCITPYELTPGATIPFLLGILCCVKTAKAASYYEAATYLWNEQQPLFWLQLLIPLSAAIVVCNCLKLLPCCCKTLTFLAVMSIGARTVSAYEHATVIPNTVGVPYKTLVSRPGYSPMVLEMELQSVTLEPTLFLDYITCEYKTITPSPYVKCCGTAECKAKNLPDYNCKVFTGVYPFMWGGAYCFCDAENTQLSEAHVEKSESCKTEFASAYRAHTASVSAKLRVFYQGNNITVSAYANGDHAVTVKDAKFVIGPLSSAWSPFDNKIVVYKGEVYNMDYPPFGAGRPGQFGDIQSRTPDSKDVYANTQLILQRPAAGAIHVPYSQAPSGFKYWLKEKGASLQHTAPFGCQIATNPVRAVNCAVGNIPVSIDIPDAAFTRVTDAPSVTDMSCEVASCTHSSDFGGAAVIKYTASKKGKCAVHSLTNAVTIREPNVDVEGTAQLQIAFSTALASAEFKVQICSTQVHCSATCHPPKDHIVNYPSPHTTLGVQDISTTAMSWVQKITGGVGLVVAIAALILIIVLCVSFSRH,ASYYEAATYLWNEQQPLFWLQLLIPLSAAIVVCNCLKLLPCCCKTLTFLAVMSIGARTVSA,748,808,61,type1_cleaved,VSA-YEH,curated_annotation,ONNV,,0.866,1.0,ASYYEAATYLWNEQQ,PLFWLQLLIPLSAAIVVCNCLKLLPCCCKTLTFLAVMSIGARTVS,A,O90371,1,alphavirus_E3,2026-02-17
P03315,UniProt,,Semliki forest virus,11033,Structural polyprotein [Assembly protein E3],,MNYIPTQTFYGRRWRPRPAARPWPLQATPVAPVVPDFQAQQMQQLISAVNALTMRQNAIAPARPPKPKKKKTTKPKPKTQPKKINGKTQQQKKKDKQADKKKKKPGKRERMCMKIENDCIFEVKHEGKVTGYACLVGDKVMKPAHVKGVIDNADLAKLAFKKSSKYDLECAQIPVHMRSDASKYTHEKPEGHYNWHHGAVQYSGGRFTIPTGAGKPGDSGRPIFDNKGRVVAIVLGGANEGSRTALSVVTWNKDMVTRVTPEGSEEWSAPLITAMCVLANATFPCFQPPCVPCCYENNAEATLRMLEDNVDRPGYYDLLQAALTCRNGTRHRRSVSQHFNVYKATRPYIAYCADCGAGHSCHSPVAIEAVRSEATDGMLKIQFSAQIGIDKSDNHDYTKIRYADGHAIENAVRSSLKVATSGDCFVHGTMGHFILAKCPPGEFLQVSIQDTRNAVRACRIQYHHDPQPVGREKFTIRPHYGKEIPCTTYQQTTAETVEEIDMHMPPDTPDRTLLSQQSGNVKITVGGKKVKYNCTCGTGNVGTTNSDMTINTCLIEQCHVSVTDHKKWQFNSPFVPRADEPARKGKVHIPFPLDNITCRVPMAREPTVIHGKREVTLHLHPDHPTLFSYRTLGEDPQYHEEWVTAAVERTIPVPVDGMEYHWGNNDPVRLWSQLTTEGKPHGWPHQIVQYYYGLYPAATVSAVVGMSLLALISIFASCYMLVAARSKCLTPYALTPGAAVPWTLGILCCAPRAHAASVAETMAYLWDQNQALFWLEFAAPVACILIITYCLRNVLCCCKSLSFLVLLSLGATARAYEHSTVMPNVVGFPYKAHIERPGYSPLTLQMQVVETSLEPTLNLEYITCEYKTVVPSPYVKCCGASECSTKEKPDYQCKVYTGVYPFMWGGAYCFCDSENTQLSEAYVDRSDVCRHDHASAYKAHTASLKAKVRVMYGNVNQTVDVYVNGDHAVTIGGTQFIFGPLSSAWTPFDNKIVVYKDEVFNQDFPPYGSGQPGRFGDIQSRTVESNDLYANTALKLARPSPGMVHVPYTQTPSGFKYWLKEKGTALNTKAPFGCQIKTNPVRAMNCAVGNIPVSMNLPDSAFTRIVEAPTIIDLTCTVATCTHSSDFGGVLTLTYKTNKNGDCSVHSHSNVATLQEATAKVKTAGKVTLHFSTASASPSFVVSLCSARATCSASCEPPKDHIVPYAASHSNVVFPDMSGTALSWVQKISGGLGAFAIGAILVLVVVTCIGLRR,SAPLITAMCVLANATFPCFQPPCVPCCYENNAEATLRMLEDNVDRPGYYDLLQAALTCRNGTRHRR,268,333,66,type1_cleaved,HRR-SVS,curated_annotation,SFV,,-0.179,0.1,S,APLITAMCVLANATFPCFQPPCVPCCYENNAEATLRMLEDNVDRPGYYDLLQAALTC,RNGTRHRR,P03315,1,alphavirus_E3,2026-02-17
P03315,UniProt,,Semliki forest virus,11033,Structural polyprotein [6K protein],,MNYIPTQTFYGRRWRPRPAARPWPLQATPVAPVVPDFQAQQMQQLISAVNALTMRQNAIAPARPPKPKKKKTTKPKPKTQPKKINGKTQQQKKKDKQADKKKKKPGKRERMCMKIENDCIFEVKHEGKVTGYACLVGDKVMKPAHVKGVIDNADLAKLAFKKSSKYDLECAQIPVHMRSDASKYTHEKPEGHYNWHHGAVQYSGGRFTIPTGAGKPGDSGRPIFDNKGRVVAIVLGGANEGSRTALSVVTWNKDMVTRVTPEGSEEWSAPLITAMCVLANATFPCFQPPCVPCCYENNAEATLRMLEDNVDRPGYYDLLQAALTCRNGTRHRRSVSQHFNVYKATRPYIAYCADCGAGHSCHSPVAIEAVRSEATDGMLKIQFSAQIGIDKSDNHDYTKIRYADGHAIENAVRSSLKVATSGDCFVHGTMGHFILAKCPPGEFLQVSIQDTRNAVRACRIQYHHDPQPVGREKFTIRPHYGKEIPCTTYQQTTAETVEEIDMHMPPDTPDRTLLSQQSGNVKITVGGKKVKYNCTCGTGNVGTTNSDMTINTCLIEQCHVSVTDHKKWQFNSPFVPRADEPARKGKVHIPFPLDNITCRVPMAREPTVIHGKREVTLHLHPDHPTLFSYRTLGEDPQYHEEWVTAAVERTIPVPVDGMEYHWGNNDPVRLWSQLTTEGKPHGWPHQIVQYYYGLYPAATVSAVVGMSLLALISIFASCYMLVAARSKCLTPYALTPGAAVPWTLGILCCAPRAHAASVAETMAYLWDQNQALFWLEFAAPVACILIITYCLRNVLCCCKSLSFLVLLSLGATARAYEHSTVMPNVVGFPYKAHIERPGYSPLTLQMQVVETSLEPTLNLEYITCEYKTVVPSPYVKCCGASECSTKEKPDYQCKVYTGVYPFMWGGAYCFCDSENTQLSEAYVDRSDVCRHDHASAYKAHTASLKAKVRVMYGNVNQTVDVYVNGDHAVTIGGTQFIFGPLSSAWTPFDNKIVVYKDEVFNQDFPPYGSGQPGRFGDIQSRTVESNDLYANTALKLARPSPGMVHVPYTQTPSGFKYWLKEKGTALNTKAPFGCQIKTNPVRAMNCAVGNIPVSMNLPDSAFTRIVEAPTIIDLTCTVATCTHSSDFGGVLTLTYKTNKNGDCSVHSHSNVATLQEATAKVKTAGKVTLHFSTASASPSFVVSLCSARATCSASCEPPKDHIVPYAASHSNVVFPDMSGTALSWVQKISGGLGAFAIGAILVLVVVTCIGLRR,ASVAETMAYLWDQNQALFWLEFAAPVACILIITYCLRNVLCCCKSLSFLVLLSLGATARA,756,815,60,type1_cleaved,ARA-YEH,curated_annotation,SFV,,1.063,0.0,A,ASVAETMAYLWDQNQALFWLEFAAPVACILIITYCLRNVLCCCKSLSFLVLLSLGA,TARA,P03315,1,alphavirus_E3,2026-02-17
P22056,UniProt,,O'nyong-nyong virus (strain Gulu),11028,Structural polyprotein [Assembly protein E3],,MEFIPAQTYYNRRYQPRPWTQRPTIQVIRPKPRRRRPAGQLAQLISAVSRLALRTVPQKPRRTRKIKKQKQVKQEQQSTTNQKKKAPKQKQTQKKKRPGRRERMCMKIENDCIFEVRHEGKVTGYACLVGDKVMKPAHVKGTIDNADLAKLAFKRSSKYDLECAQIPVHMKSDASKFTHEKPEGYYNWHHGAVQYSGGRFTIPTGAGKPGDSGRPIFDNKGRVVAIVLGGANEGTRTALSVVTWNKDIVTKITPEGSVEWSLALPVMCLLANTTFPCSQPPCAPCCYEKKPEETLRMLEDNVMQPGYYQLLDSALACSQRRQKRNARENFNVYKVTRPYLAHCPDCGEGHSCHSPIALERIRSEATDGTLKIQVSLQIGIKTDDSHDWTKLRYMDSHTPVDADRSGLFVRTSAPCTITGTMGHFILARCPKGETLTVGFVDSRRISHTCMHPFRHEPPLIGREKFHSRPQHGKELPCSTYVHTTAATAEEIEVHMPPDTPDYTLMTQQAGNVKITVDGQTVRYKCKCDGSNEGLITADKVINNCKVDQCHTAVTNHKKWQYNSPLTPRNSEQGDRKGKIHIPFPLVNTTCRVPKARNPTVTYGKNRVTLLLHPDHPTLLSYRAMGRIPDYHEEWITNKKEISITVPAEGLEVTWGNNDPYKYWPQLSTNGTAHGHPHEIILYYYELYPTTTIAVLAAASIVITSLVGLSLGMCICARRRCITPYELTPGATIPFLLGVLCCARTAKAASYYEAATYLWNEQQPLFWLQLLIPLSAAIVVCNCLKLLPCCCKTLTFLAVMSIGARTVTAYEHATVIPNTVGVPCKTLVSRPGYSPMVLEMELQSVTLEPALSLDYITCEYKTITPSPYVKCCGTAECKAKNLPDYNCKVFTGVYPFMWGGAYCFCDAENTQLSEAHVEKSESCKTEFASAYRAHTASVSAKLRVFYQGNNITVSAYANGDHAVTVEDAKFVIGPLSSAWSPFDNKIVVYKGEVYNMDYPPFGAGRPGQFGDIQSRTPDSKDVYANTQLILQRPAAGAIHVPYSQAPSGFKYWLKEKGASLQHTAPFGCQIATNPVRAVNCAVGNIPVSIDIPDAAFTRVTDAPSITDMSCEVASCTHSSDFGGAAVIKYTASKKGKCAVHSVTNAVTIREPNVDVKGTAQLQIAFSTALASAEFKVQICSTLVHCSATCHPPKDHIVNYPSPHTTLGVQDISTTAMSWVQKITGGVGLVVAIAALILIIVLCVSFSRH,SLALPVMCLLANTTFPCSQPPCAPCCYEKKPEETLRMLEDNVMQPGYYQLLDSALACSQRRQKR,261,324,64,type1_cleaved,QKR-NAR,curated_annotation,ONNV,,-0.327,1.0,S,SLALPVMCLLANTTFPCSQPPCAPCCYEKKPEETLRMLEDNVMQPGYYQLLDSALACS,QRRQKR,P22056,1,alphavirus_E3,2026-02-17
P22056,UniProt,,O'nyong-nyong virus (strain Gulu),11028,Structural polyprotein [6K protein],,MEFIPAQTYYNRRYQPRPWTQRPTIQVIRPKPRRRRPAGQLAQLISAVSRLALRTVPQKPRRTRKIKKQKQVKQEQQSTTNQKKKAPKQKQTQKKKRPGRRERMCMKIENDCIFEVRHEGKVTGYACLVGDKVMKPAHVKGTIDNADLAKLAFKRSSKYDLECAQIPVHMKSDASKFTHEKPEGYYNWHHGAVQYSGGRFTIPTGAGKPGDSGRPIFDNKGRVVAIVLGGANEGTRTALSVVTWNKDIVTKITPEGSVEWSLALPVMCLLANTTFPCSQPPCAPCCYEKKPEETLRMLEDNVMQPGYYQLLDSALACSQRRQKRNARENFNVYKVTRPYLAHCPDCGEGHSCHSPIALERIRSEATDGTLKIQVSLQIGIKTDDSHDWTKLRYMDSHTPVDADRSGLFVRTSAPCTITGTMGHFILARCPKGETLTVGFVDSRRISHTCMHPFRHEPPLIGREKFHSRPQHGKELPCSTYVHTTAATAEEIEVHMPPDTPDYTLMTQQAGNVKITVDGQTVRYKCKCDGSNEGLITADKVINNCKVDQCHTAVTNHKKWQYNSPLTPRNSEQGDRKGKIHIPFPLVNTTCRVPKARNPTVTYGKNRVTLLLHPDHPTLLSYRAMGRIPDYHEEWITNKKEISITVPAEGLEVTWGNNDPYKYWPQLSTNGTAHGHPHEIILYYYELYPTTTIAVLAAASIVITSLVGLSLGMCICARRRCITPYELTPGATIPFLLGVLCCARTAKAASYYEAATYLWNEQQPLFWLQLLIPLSAAIVVCNCLKLLPCCCKTLTFLAVMSIGARTVTAYEHATVIPNTVGVPCKTLVSRPGYSPMVLEMELQSVTLEPALSLDYITCEYKTITPSPYVKCCGTAECKAKNLPDYNCKVFTGVYPFMWGGAYCFCDAENTQLSEAHVEKSESCKTEFASAYRAHTASVSAKLRVFYQGNNITVSAYANGDHAVTVEDAKFVIGPLSSAWSPFDNKIVVYKGEVYNMDYPPFGAGRPGQFGDIQSRTPDSKDVYANTQLILQRPAAGAIHVPYSQAPSGFKYWLKEKGASLQHTAPFGCQIATNPVRAVNCAVGNIPVSIDIPDAAFTRVTDAPSITDMSCEVASCTHSSDFGGAAVIKYTASKKGKCAVHSVTNAVTIREPNVDVKGTAQLQIAFSTALASAEFKVQICSTLVHCSATCHPPKDHIVNYPSPHTTLGVQDISTTAMSWVQKITGGVGLVVAIAALILIIVLCVSFSRH,ASYYEAATYLWNEQQPLFWLQLLIPLSAAIVVCNCLKLLPCCCKTLTFLAVMSIGARTVTA,748,808,61,type1_cleaved,VTA-YEH,curated_annotation,ONNV,,0.867,1.0,ASYYEAATYLWNEQQ,PLFWLQLLIPLSAAIVVCNCLKLLPCCCKTLTFLAVMSIGARTVT,A,P22056,1,alphavirus_E3,2026-02-17
P27285,UniProt,,Sindbis virus subtype Ockelbo (strain Edsbyn 82-5),31699,Structural polyprotein [Assembly protein E3],,MNRGFFNMLGRRPFPAPTAMWRPRRRRQAAPMPARNGLASQIQQLTTAVSALVIGQATRPQNPRPRPPPRQKKQAPKQPPKPKKPKPQEKKKKQPAKTKPGKRQRMALKLEADRLFDVKNEDGDVIGHALAMEGKVMKPLHVKGTIDHPVLSKLKFTKSSAYDMEFAQLPVNMRSEAFTYTSEHPEGFYNWHHGAVQYSGGRFTIPRGVGGRGDSGRPIMDNSGRVVAIVLGGADEGTRTALSVVTWNSKGKTIKTTPEGTEEWSAAPLVTAMCLLGNVSFPCNRPPTCYTREPSRALDILEENVNHEAYDTLLNAILRCGSSGRSKRSVTDDFTLTSPYLGTCSYCHHTEPCFSPIKIEQVWDEADDNTIRIQTSAQFGYDKSGAASTNKYRYMSFEQDHTVKEGTMDDIKISTSGPCRRLSYKGYFLLAKCPPGDSVTVSIASSNSATSCTMARKIKPKFVGREKYDLPPVHGKKIPCTVYDRLKETTAGYITMHRPGPHAYTSYLEESSGKVYAKPPSGKNITYECKCGDYKTGTVTTRTEITGCTAIKQCVAYKSDQTKWVFNSPDLIRHADHTAQGKLHLPFKLIPSTCMVPVAHAPNVIHGFKHISLQLDTDHLTLLTTRRLGANPEPTTEWIIGKTVRNFTVDRDGLEYIWGNHEPVRVYAQESAPGDPHGWPHEIVQHYYHRHPVYTILAVASAAVAMMIGVTVAALCACKARRECLTPYALAPNAVIPTSLALLCCVRSANAETFTETMSYFWSNSQPFFWVQLCIPLAAVIVLMRCCSCCLPFLVVAGAYLAKVDAYEHATTVPNVPQIPYKALVERAGYAPLNLEITVMSSEVLPSTNQEYITCKFTTVVPSPKVKCCGSLECQPAAHADYTCKVFGGVYPFMWGGAQCFCDSENSQMSEAYVELSADCATDHAQAIKVHTAAMKVGLRIVYGNTTSFLDVYVNGVTPGTSKDLKVIAGPISASFTPFDHKVVIHRGLVYNYDFPEYGAMKPGVFGDIQATSLTSKDLIASTDIRLLKPSAKNVHVPYTQAASGFEMWKNNSGRPLQETAPFGCKIAVNPLRAVDCSYGNIPISIDIPNAAFIRTSDAPLVSTVKCDVSECTYSADFGGMATLQYVSDREGQCPVHSHSSTATLQESTVHVLEKGAVTVHFSTASPQANFIVSLCGKKTTCNAECKPPADHIVSTPHKNDQEFQAAISKTSWSWLFALFGGASSLLIIGLTIFACSMMLTSTRR,SAAPLVTAMCLLGNVSFPCNRPPTCYTREPSRALDILEENVNHEAYDTLLNAILRCGSSGRSKR,265,328,64,type1_cleaved,SKR-SVT,curated_annotation,SINV,,-0.227,1.1,SA,APLVTAMCLLGNVSFPCNRPPTCYTREPSRALDILEENVNHEAYDTLLNAILR,CGSSGRSKR,P27285,1,alphavirus_E3,2026-02-17
P27285,UniProt,,Sindbis virus subtype Ockelbo (strain Edsbyn 82-5),31699,Structural polyprotein [6K protein],,MNRGFFNMLGRRPFPAPTAMWRPRRRRQAAPMPARNGLASQIQQLTTAVSALVIGQATRPQNPRPRPPPRQKKQAPKQPPKPKKPKPQEKKKKQPAKTKPGKRQRMALKLEADRLFDVKNEDGDVIGHALAMEGKVMKPLHVKGTIDHPVLSKLKFTKSSAYDMEFAQLPVNMRSEAFTYTSEHPEGFYNWHHGAVQYSGGRFTIPRGVGGRGDSGRPIMDNSGRVVAIVLGGADEGTRTALSVVTWNSKGKTIKTTPEGTEEWSAAPLVTAMCLLGNVSFPCNRPPTCYTREPSRALDILEENVNHEAYDTLLNAILRCGSSGRSKRSVTDDFTLTSPYLGTCSYCHHTEPCFSPIKIEQVWDEADDNTIRIQTSAQFGYDKSGAASTNKYRYMSFEQDHTVKEGTMDDIKISTSGPCRRLSYKGYFLLAKCPPGDSVTVSIASSNSATSCTMARKIKPKFVGREKYDLPPVHGKKIPCTVYDRLKETTAGYITMHRPGPHAYTSYLEESSGKVYAKPPSGKNITYECKCGDYKTGTVTTRTEITGCTAIKQCVAYKSDQTKWVFNSPDLIRHADHTAQGKLHLPFKLIPSTCMVPVAHAPNVIHGFKHISLQLDTDHLTLLTTRRLGANPEPTTEWIIGKTVRNFTVDRDGLEYIWGNHEPVRVYAQESAPGDPHGWPHEIVQHYYHRHPVYTILAVASAAVAMMIGVTVAALCACKARRECLTPYALAPNAVIPTSLALLCCVRSANAETFTETMSYFWSNSQPFFWVQLCIPLAAVIVLMRCCSCCLPFLVVAGAYLAKVDAYEHATTVPNVPQIPYKALVERAGYAPLNLEITVMSSEVLPSTNQEYITCKFTTVVPSPKVKCCGSLECQPAAHADYTCKVFGGVYPFMWGGAQCFCDSENSQMSEAYVELSADCATDHAQAIKVHTAAMKVGLRIVYGNTTSFLDVYVNGVTPGTSKDLKVIAGPISASFTPFDHKVVIHRGLVYNYDFPEYGAMKPGVFGDIQATSLTSKDLIASTDIRLLKPSAKNVHVPYTQAASGFEMWKNNSGRPLQETAPFGCKIAVNPLRAVDCSYGNIPISIDIPNAAFIRTSDAPLVSTVKCDVSECTYSADFGGMATLQYVSDREGQCPVHSHSSTATLQESTVHVLEKGAVTVHFSTASPQANFIVSLCGKKTTCNAECKPPADHIVSTPHKNDQEFQAAISKTSWSWLFALFGGASSLLIIGLTIFACSMMLTSTRR,ETFTETMSYFWSNSQPFFWVQLCIPLAAVIVLMRCCSCCLPFLVVAGAYLAKVDA,752,806,55,type1_cleaved,VDA-YEH,curated_annotation,SINV,,0.978,-1.0,ETFTETMSYFWSNSQ,PFFWVQLCIPLAAVIVLMRCCSCCLPFLVVAGAYLA,KVDA,P27285,1,alphavirus_E3,2026-02-17
P36331,UniProt,,Venezuelan equine encephalitis virus (strain Mena II),36384,Structural polyprotein [Assembly protein E3],,MFPYQPMYPMQPMPFRNPFAAPRRPWFPRTDPFLAMQVQELARSMANLTFKQRRDVPPEGPPAKKKKKDTSQQGGRNQNGKKKNKLVKKKKKTGPPPQKTNGGKKKVNKKPGKRQRMVMKLESDKTFPIMLDGRINGYACVVGGKLFRPLHVEGKIDNDVLSSLKTKKASKYDLEYADVPQSMRADTFKYTHEKPQGYYSWHHGAVQYENGRFTVPKGVGAKGDSGRPILDNQGRVVAIVLGGVNEGSRTALSVVTWNEKGVTVKYTPENSEQWSLVTTMCLLANVTFPCSQPPICYDRKPAETLSMLSHNIDNPGYDELLEAVLKCPGRGKRSTEELFKEYKLTRPYMARCIRCAVGSCHSPIAIEAVRSEGHDGYVRLQTSSQYGLDPSGNLKGRTMRYDMHGTIEEIPLHQVSLHTSRPCHIIDGHGYFLLARCPAGDSITMEFKKESVTHSCSVPYEVKFNPVGRELYTHPPEHGAEQPCHVYAHDAQNRGAYVEMHLPGSEVDSTLLSTSGSSVHVTPPAGQSVLVECECGGTKISETINSAKQYSQCSKTAQCRAYRTQNDKWVYNSDKLPKAAGETLKGKLHVPFVLTEAKCTVPLAPEPIITFGFRSVSLKLHPKNPTFLTTRQLDGEPAYTHELITNPVVRNFSVTEKGWEFVWGNHPPQRYWSQETAPGNPHGLPHEVITHYYHRYPMSTILGLSICAAIVTTSIAASVWLFCKSRISCLTPYRLTPNARMPLCLAVLCCARTARAETTWESLDHLWNHNQQMFWSQLLIPLAALIVATRLLKCVCCVVPFLVVAGAVGAGAYEHATTMPNQVGIPYNTIVNRAGYAPLPISIVPTKVKLIPTVNLEYITCHYKTGMDSPAIKCCGTQECSPTYRPDEQCKVFSGVYPFMWGGAYCFCDTENTQISKAYVTKSEDCVTDHAQAYKAHTASVQAFLNITVGGHSTTAVVYVNGETPVNFNGVKLTAGPLSTAWSPFDKKIVQYAGEIYNYDFPEYGAGHAGAFGDIQARTISSSDVYANTNLVLQRPKAGAIHVPYTQAPSGYEQWKKDKPPSLKFTAPFGCEIYTNPIRAENCAVGSIPLAFDIPDALFTRVSETPTLSTAECTLNECVYSSDFGGIATVKYSASKSGKCAVHVPSGTATLKEAAVELAEQGSATIHFSTASIHPEFRLQICTSYVTCKGDCHPPKDHIVTHPQYHAQSFTAAVSKTAWTWLTSLLGGSAIIIIIGLVLATIVAMYVLTNQKHN,SLVTTMCLLANVTFPCSQPPICYDRKPAETLSMLSHNIDNPGYDELLEAVLKCPGRGKR,275,333,59,type1_cleaved,GKR-STE,curated_annotation,VEEV,,-0.149,0.1,S,SLVTTMCLLANVTFPCSQPPICYDRKPAETLSMLSHNIDNPGYDELLEAVLK,CPGRGKR,P36331,1,alphavirus_E3,2026-02-17
P36331,UniProt,,Venezuelan equine encephalitis virus (strain Mena II),36384,Structural polyprotein [6K protein],,MFPYQPMYPMQPMPFRNPFAAPRRPWFPRTDPFLAMQVQELARSMANLTFKQRRDVPPEGPPAKKKKKDTSQQGGRNQNGKKKNKLVKKKKKTGPPPQKTNGGKKKVNKKPGKRQRMVMKLESDKTFPIMLDGRINGYACVVGGKLFRPLHVEGKIDNDVLSSLKTKKASKYDLEYADVPQSMRADTFKYTHEKPQGYYSWHHGAVQYENGRFTVPKGVGAKGDSGRPILDNQGRVVAIVLGGVNEGSRTALSVVTWNEKGVTVKYTPENSEQWSLVTTMCLLANVTFPCSQPPICYDRKPAETLSMLSHNIDNPGYDELLEAVLKCPGRGKRSTEELFKEYKLTRPYMARCIRCAVGSCHSPIAIEAVRSEGHDGYVRLQTSSQYGLDPSGNLKGRTMRYDMHGTIEEIPLHQVSLHTSRPCHIIDGHGYFLLARCPAGDSITMEFKKESVTHSCSVPYEVKFNPVGRELYTHPPEHGAEQPCHVYAHDAQNRGAYVEMHLPGSEVDSTLLSTSGSSVHVTPPAGQSVLVECECGGTKISETINSAKQYSQCSKTAQCRAYRTQNDKWVYNSDKLPKAAGETLKGKLHVPFVLTEAKCTVPLAPEPIITFGFRSVSLKLHPKNPTFLTTRQLDGEPAYTHELITNPVVRNFSVTEKGWEFVWGNHPPQRYWSQETAPGNPHGLPHEVITHYYHRYPMSTILGLSICAAIVTTSIAASVWLFCKSRISCLTPYRLTPNARMPLCLAVLCCARTARAETTWESLDHLWNHNQQMFWSQLLIPLAALIVATRLLKCVCCVVPFLVVAGAVGAGAYEHATTMPNQVGIPYNTIVNRAGYAPLPISIVPTKVKLIPTVNLEYITCHYKTGMDSPAIKCCGTQECSPTYRPDEQCKVFSGVYPFMWGGAYCFCDTENTQISKAYVTKSEDCVTDHAQAYKAHTASVQAFLNITVGGHSTTAVVYVNGETPVNFNGVKLTAGPLSTAWSPFDKKIVQYAGEIYNYDFPEYGAGHAGAFGDIQARTISSSDVYANTNLVLQRPKAGAIHVPYTQAPSGYEQWKKDKPPSLKFTAPFGCEIYTNPIRAENCAVGSIPLAFDIPDALFTRVSETPTLSTAECTLNECVYSSDFGGIATVKYSASKSGKCAVHVPSGTATLKEAAVELAEQGSATIHFSTASIHPEFRLQICTSYVTCKGDCHPPKDHIVTHPQYHAQSFTAAVSKTAWTWLTSLLGGSAIIIIIGLVLATIVAMYVLTNQKHN,ETTWESLDHLWNHNQQMFWSQLLIPLAALIVATRLLKCVCCVVPFLVVAGAVGAGA,757,812,56,type1_cleaved,AGA-YEH,curated_annotation,VEEV,,0.832,-0.8,ETTWESLDHLWNHNQQ,MFWSQLLIPLAALIVATRLLKCVCCVVPFLVVAGAVGAG,A,P36331,1,alphavirus_E3,2026-02-17
Q53AM4,UniProt,,Alphavirus salmon subtype 3,344701,Structural polyprotein [Assembly protein E3],,MFPMQFTNSAYRQMEPMFAPGPRGQVQPYRPRTKRRQEPQVGNAAIAALANQMSALQLQVAGLAGQARVDRRGPRRVQKSKQKKKNPSNGEKPKEKKKKQKQQEKKGSGGVIKKPRNRPGKEVRISVKRARQSTFPVYHDGAISGYAVLIGSRVFKPAHVKGKIDHPELADIKFQVAEDMDLEAAAYPKSMRDQAAEPATMMDGVYNWEYGTIRVEDNVVIDASGRGKPGDSGRAITDNSGKVVGIVLGGGPDGRRTRLSVIGFDKKMKAREIAYSEAIPWTRAPALLLLPMVIACTYNSNTFDCSKPSCQDCCITAEPKKAMAMLKDNLNDPNYWDLLIAVTTCNSARKKRAVSTSPAAVYDTQILAAHAAASPYRAYCPDCDGTACISPIAIDEVVSSGSDHVLRIRVGSQSGVTAKGGAAGETSLRYLGRDGKVHAADNTRLVVRTTAKCDVLQATGHYILASCPEGQSITVAATLDGTRHQCTTVFEHQVTEKFTRERSKGHHLSDLTKKCTRFSTTPKKSAPYLVDVYDALPISVEISTVVTCNDNQCTVKVPPGTTVKFDKKCKSAAQATVTFTSDSQTFTCEEPVLTAASITQGKPHLRSSMLPSGGKEVKARIPFPFPPETATCRVSVAPLPSITYEESDVLLAGTAKYPVLLTTRNLGFHSNATSEWIQGKYLRRIPVTPQGIELTWGNNAPLHFWSSVRYASGDADAYPWELLVHHTKHHPEYAWAFVGVACGLLVIAVCMFACACNRVRYSLVANTFNPNPPPLTALTAALCCIPGARADQPYLDIIAYLWTNSKVAFGLQCAAPVACVLIVTYALRHCRLCCKSFLGVRGWSALLVILAYVQSCKSYEHTVVVPMDPRAPSYEAVINRNGYDPLKLTIAVNFTVISPTTALEYWTCASVPIVEPPHVGCCTSVSCPSDLSTLHAFTGKAVSDVHCDVHTNVYPLLWGAAHCFCSTENTQVSAVAATVSEFCAQDSERAEAFSVHSSSVTAEVLVTLGEVVTAVHVYVDGVTSARGTDLKIVAGPITTDYSPFDRKVVRIGEEVYNYDWPPYGAGRPGTFGDIQARSTNYVKPNDLYGDIGIEVLQPTNDHVHVAYTYTTSGLLRWLQDAPKPLSVTAPHGCKISANPLLALDCGVGAVPMSINIPDAKFTRKLKDPKPSALKCVVDSCEYGVDYGGAATITYEGHEAGKCGIHSLTPGVPLRTSVVEVVAGANTVKTTFSSPTPEVTLEVEICSAMVTCASECTPPKEHVVATRPRHGSDTGGYISGPAMRWAGGIVGTLAVLFLILAVTYCVVKKCRSKRIRIVKS,TRAPALLLLPMVIACTYNSNTFDCSKPSCQDCCITAEPKKAMAMLKDNLNDPNYWDLLIAVTTCNSARKKR,282,352,71,type1_cleaved,KKR-AVS,curated_annotation,,,-0.156,3.0,TRA,PALLLLPMVIACTYNSNTFDCSKPSCQDCCITAEPKKAMAMLKDNLNDPNYWDLLIAVT,TCNSARKKR,Q53AM4,1,alphavirus_E3,2026-02-17
Q53AM4,UniProt,,Alphavirus salmon subtype 3,344701,Structural polyprotein [6K protein],,MFPMQFTNSAYRQMEPMFAPGPRGQVQPYRPRTKRRQEPQVGNAAIAALANQMSALQLQVAGLAGQARVDRRGPRRVQKSKQKKKNPSNGEKPKEKKKKQKQQEKKGSGGVIKKPRNRPGKEVRISVKRARQSTFPVYHDGAISGYAVLIGSRVFKPAHVKGKIDHPELADIKFQVAEDMDLEAAAYPKSMRDQAAEPATMMDGVYNWEYGTIRVEDNVVIDASGRGKPGDSGRAITDNSGKVVGIVLGGGPDGRRTRLSVIGFDKKMKAREIAYSEAIPWTRAPALLLLPMVIACTYNSNTFDCSKPSCQDCCITAEPKKAMAMLKDNLNDPNYWDLLIAVTTCNSARKKRAVSTSPAAVYDTQILAAHAAASPYRAYCPDCDGTACISPIAIDEVVSSGSDHVLRIRVGSQSGVTAKGGAAGETSLRYLGRDGKVHAADNTRLVVRTTAKCDVLQATGHYILASCPEGQSITVAATLDGTRHQCTTVFEHQVTEKFTRERSKGHHLSDLTKKCTRFSTTPKKSAPYLVDVYDALPISVEISTVVTCNDNQCTVKVPPGTTVKFDKKCKSAAQATVTFTSDSQTFTCEEPVLTAASITQGKPHLRSSMLPSGGKEVKARIPFPFPPETATCRVSVAPLPSITYEESDVLLAGTAKYPVLLTTRNLGFHSNATSEWIQGKYLRRIPVTPQGIELTWGNNAPLHFWSSVRYASGDADAYPWELLVHHTKHHPEYAWAFVGVACGLLVIAVCMFACACNRVRYSLVANTFNPNPPPLTALTAALCCIPGARADQPYLDIIAYLWTNSKVAFGLQCAAPVACVLIVTYALRHCRLCCKSFLGVRGWSALLVILAYVQSCKSYEHTVVVPMDPRAPSYEAVINRNGYDPLKLTIAVNFTVISPTTALEYWTCASVPIVEPPHVGCCTSVSCPSDLSTLHAFTGKAVSDVHCDVHTNVYPLLWGAAHCFCSTENTQVSAVAATVSEFCAQDSERAEAFSVHSSSVTAEVLVTLGEVVTAVHVYVDGVTSARGTDLKIVAGPITTDYSPFDRKVVRIGEEVYNYDWPPYGAGRPGTFGDIQARSTNYVKPNDLYGDIGIEVLQPTNDHVHVAYTYTTSGLLRWLQDAPKPLSVTAPHGCKISANPLLALDCGVGAVPMSINIPDAKFTRKLKDPKPSALKCVVDSCEYGVDYGGAATITYEGHEAGKCGIHSLTPGVPLRTSVVEVVAGANTVKTTFSSPTPEVTLEVEICSAMVTCASECTPPKEHVVATRPRHGSDTGGYISGPAMRWAGGIVGTLAVLFLILAVTYCVVKKCRSKRIRIVKS,DQPYLDIIAYLWTNSKVAFGLQCAAPVACVLIVTYALRHCRLCCKSFLGVRGWSALLVILAYVQSCKS,791,858,68,type1_cleaved,CKS-YEH,curated_annotation,,,0.797,4.1,DQPY,LDIIAYLWTNSKVAFGLQCAAPVACVLIVTYALRHCRLCCKSFLGVRGWSALLVILAYV,QSCKS,Q53AM4,1,alphavirus_E3,2026-02-17
Q5XXP3,UniProt,,Chikungunya virus (strain 37997),371095,Structural polyprotein [Assembly protein E3],,MEFIPTQTFYNRRYQPRPWAPRPTIQVIRPRPRPQRQAGQLAQLISAVNKLTMRAVPQQKPRRNRKNKKQRQKKQAPQNDPKQKKQPPQKKPAQKKKKPGRRERMCMKIENDCIFEVKHEGKVMGYACLVGDKVMKPAHVKGTIDNADLAKLAFKRSSKYDLECAQIPVHMKSDASKFTHEKPEGYYNWHHGAVQYSGGRFTIPTGAGKPGDSGRPIFDNKGRVVAIVLGGANEGARTALSVVTWNKDIVTKITPEGAEEWSLALPVLCLLANTTFPCSQPPCTPCCYEKEPESTLRMLEDNVMRPGYYQLLKASLTCSPHRQRRSTKDNFNVYKATRPYLAHCPDCGEGHSCHSPIALERIRNEATDGTLKIQVSLQIGIKTDDSHDWTKLRYMDSHTPADAERAGLLVRTSAPCTITGTMGHFILARCPKGETLTVGFTDSRKISHTCTHPFHHEPPVIGRERFHSRPQHGKELPCSTYVQSTAATAEEIEVHMPPDTPDRTLMTQQSGNVKITVNGQTVRYKCNCGGSNEGLTTTDKVINNCKIDQCHAAVTNHKNWQYNSPLVPRNAELGDRKGKIHIPFPLANVTCRVPKARNPTVTYGKNQVTMLLYPDHPTLLSYRNMGQEPNYHEEWVTHKKEVTLTVPTEGLEVTWGNNEPYKYWPQMSTNGTAHGHPHEIILYYYELYPTMTVVIVSVASFVLLSMVGTAVGMCVCARRRCITPYELTPGATVPFLLSLLCCVRTTKAATYYEAAAYLWNEQQPLFWLQALIPLAALIVLCNCLKLLPCCCKTLAFLAVMSIGAHTVSAYEHVTVIPNTVGVPYKTLVNRPGYSPMVLEMELQSVTLEPTLSLDYITCEYKTVIPSPYVKCCGTAECKDKSLPDYSCKVFTGVYPFMWGGAYCFCDAENTQLSEAHVEKSESCKTEFASAYRAHTASASAKLRVLYQGNNITVAAYANGDHAVTVKDAKFVVGPMSSAWTPFDNKIVVYKGDVYNMDYPPFGAGRPGQFGDIQSRTPESKDVYANTQLVLQRPAAGTVHVPYSQAPSGFKYWLKERGASLQHTAPFGCQIATNPVRAVNCAVGNIPISIDIPDAAFTRVVDAPSVTDMSCEVPACTHSSDFGGVAIIKYTASKKGKCAVHSMTNAVTIREADVEVEGNSQLQISFSTALASAEFRVQVCSTQVHCAAACHPPKDHIVNYPASHTTLGVQDISTTAMSWVQKITGGVGLIVAVAALILIVVLCVSFSRH,SLALPVLCLLANTTFPCSQPPCTPCCYEKEPESTLRMLEDNVMRPGYYQLLKASLTCSPHRQRR,262,325,64,type1_cleaved,QRR-STK,curated_annotation,CHIKV,,-0.308,2.1,S,SLALPVLCLLANTTFPCSQPPCTPCCYEKEPESTLRMLEDNVMRPGYYQLLKASLTC,SPHRQRR,Q5XXP3,1,alphavirus_E3,2026-02-17
Q5XXP3,UniProt,,Chikungunya virus (strain 37997),371095,Structural polyprotein [6K protein],,MEFIPTQTFYNRRYQPRPWAPRPTIQVIRPRPRPQRQAGQLAQLISAVNKLTMRAVPQQKPRRNRKNKKQRQKKQAPQNDPKQKKQPPQKKPAQKKKKPGRRERMCMKIENDCIFEVKHEGKVMGYACLVGDKVMKPAHVKGTIDNADLAKLAFKRSSKYDLECAQIPVHMKSDASKFTHEKPEGYYNWHHGAVQYSGGRFTIPTGAGKPGDSGRPIFDNKGRVVAIVLGGANEGARTALSVVTWNKDIVTKITPEGAEEWSLALPVLCLLANTTFPCSQPPCTPCCYEKEPESTLRMLEDNVMRPGYYQLLKASLTCSPHRQRRSTKDNFNVYKATRPYLAHCPDCGEGHSCHSPIALERIRNEATDGTLKIQVSLQIGIKTDDSHDWTKLRYMDSHTPADAERAGLLVRTSAPCTITGTMGHFILARCPKGETLTVGFTDSRKISHTCTHPFHHEPPVIGRERFHSRPQHGKELPCSTYVQSTAATAEEIEVHMPPDTPDRTLMTQQSGNVKITVNGQTVRYKCNCGGSNEGLTTTDKVINNCKIDQCHAAVTNHKNWQYNSPLVPRNAELGDRKGKIHIPFPLANVTCRVPKARNPTVTYGKNQVTMLLYPDHPTLLSYRNMGQEPNYHEEWVTHKKEVTLTVPTEGLEVTWGNNEPYKYWPQMSTNGTAHGHPHEIILYYYELYPTMTVVIVSVASFVLLSMVGTAVGMCVCARRRCITPYELTPGATVPFLLSLLCCVRTTKAATYYEAAAYLWNEQQPLFWLQALIPLAALIVLCNCLKLLPCCCKTLAFLAVMSIGAHTVSAYEHVTVIPNTVGVPYKTLVNRPGYSPMVLEMELQSVTLEPTLSLDYITCEYKTVIPSPYVKCCGTAECKDKSLPDYSCKVFTGVYPFMWGGAYCFCDAENTQLSEAHVEKSESCKTEFASAYRAHTASASAKLRVLYQGNNITVAAYANGDHAVTVKDAKFVVGPMSSAWTPFDNKIVVYKGDVYNMDYPPFGAGRPGQFGDIQSRTPESKDVYANTQLVLQRPAAGTVHVPYSQAPSGFKYWLKERGASLQHTAPFGCQIATNPVRAVNCAVGNIPISIDIPDAAFTRVVDAPSVTDMSCEVPACTHSSDFGGVAIIKYTASKKGKCAVHSMTNAVTIREADVEVEGNSQLQISFSTALASAEFRVQVCSTQVHCAAACHPPKDHIVNYPASHTTLGVQDISTTAMSWVQKITGGVGLIVAVAALILIVVLCVSFSRH,ATYYEAAAYLWNEQQPLFWLQALIPLAALIVLCNCLKLLPCCCKTLAFLAVMSIGAHTVSA,749,809,61,type1_cleaved,VSA-YEH,curated_annotation,CHIKV,,1.007,0.1,ATYYE,AAAYLWNEQQPLFWLQALIPLAALIVLCNCLKLLPCCCKTLAFLAVMSIGAHTVS,A,Q5XXP3,1,alphavirus_E3,2026-02-17
Q80S27,UniProt,,Middelburg virus,11023,Structural polyprotein [Assembly protein E3],,MNYIPTQTFYGRRWRPRPAARPWVAPPPVYYPPPPPVPVDPQAQQMQQLIAAVNTLAIRQNGTRTPGQQRRKRQPNKPKRKQTPPKKQNPAKTKNKQKPQPPKPKKRKPGKRERKCMKIENDCIFEVKLEGKVTGYACLVGDKVMKPAHVKGVIDNPDLAKLAFKKSSKYDLECAQIPVHMKSDASQFTHEKPEGHYNWHHGAVQYLNGRFTIPTGAGKPGDSGRPIFDNKGRVVAIVLGGANEGARTALSVVTWNKDMVTRITPEGTEEWTALVTTACILSNLTFDCSLPPCAPCCYEKDAEGTLRMLEDNVDNPGYYDLLAASTHCDAPQRRRRRGLTEDYKAYKLTKPYIAYCSDCGNGQFCYSPIAIERVRAEASDGMLKIQISAQIGLQVDGAHSWTKIRYMKGHDVEDTDRNSLEVFTTGECTVHGTMGHFIVATCPEGDSLTVAFVDKHKVRHACRIAYKHRVPVLGREHFTVRPHHGVELPCTTYAMRTSVTTEEIEMHVAHDVPDNTFLSKTGNKVKITPKGKSIRYNCTCGSKESGVTKQDKEFDNCEVSQCHTMVTAHDKWQFNSPYVPRAGSGKKGKIHVPFPLSNSTCRVPLAPLPNTIPAKNGITLQLHPVAPTLLTYRTLGEKPEHHTEWISESCERTLPVPEEGLEYTWGNHAPVRLWAQLTTKGSAHGMPHEIFSYYYGLYPATTVAVCVGLACVILLALSASCCLCVSARNKCLTPYALTPGAVVPCTLSLLCCAPRAKAATFAETAAYLWAENQTVFWMQFAIPVACFMIVTYCLRHLMLCCRTASFLVAVSLGMGATQAYEHSVTLPNAVGFPYRAHVDRPGFSPLTLHMEVVSTSLEPTLALDYVTCEYKTVVPSPKVTCCGMSECAHQQKADFQCKVYTGVYPFLWGGAYCFCDSENTQLSEAYVERSEVCKHDHAAAYRAHTAALKAKISVTYGSTNGTAEAFVNGESTARIGDLKMILGPISTAWSPFDPKIVVYKDEVYNQDYPPYGSGQPGRFGDLQSRTTESNDVYANTALKLARPSAGTVHVPYTQTPSGFKYWLKEKGDALNHKAPFGCIIKTNPVRAENCAVGNIPVSLDIPDAAFTRIVDAPSLTGLKCEVATCTHSSDFGGTLVVEYKTDKVGTCAVHSESNTAVMQETSLSVTMDGRGTLHFSTASASPSFVLKVCSSKTTCTAKCVPPKDHVVPFPANHNNVVFPDFSSTAVSWLTHTMGGATVVIAIGITIFLIVTCIAFSRH,TALVTTACILSNLTFDCSLPPCAPCCYEKDAEGTLRMLEDNVDNPGYYDLLAASTHCDAPQRRRRR,272,337,66,type1_cleaved,RRR-GLT,curated_annotation,,,-0.353,-1.9,T,TALVTTACILSNLTFDCSLPPCAPCCYEKDAEGTLRMLEDNVDNPGYYDLLAA,STHCDAPQRRRRR,Q80S27,1,alphavirus_E3,2026-02-17
Q80S27,UniProt,,Middelburg virus,11023,Structural polyprotein [6K protein],,MNYIPTQTFYGRRWRPRPAARPWVAPPPVYYPPPPPVPVDPQAQQMQQLIAAVNTLAIRQNGTRTPGQQRRKRQPNKPKRKQTPPKKQNPAKTKNKQKPQPPKPKKRKPGKRERKCMKIENDCIFEVKLEGKVTGYACLVGDKVMKPAHVKGVIDNPDLAKLAFKKSSKYDLECAQIPVHMKSDASQFTHEKPEGHYNWHHGAVQYLNGRFTIPTGAGKPGDSGRPIFDNKGRVVAIVLGGANEGARTALSVVTWNKDMVTRITPEGTEEWTALVTTACILSNLTFDCSLPPCAPCCYEKDAEGTLRMLEDNVDNPGYYDLLAASTHCDAPQRRRRRGLTEDYKAYKLTKPYIAYCSDCGNGQFCYSPIAIERVRAEASDGMLKIQISAQIGLQVDGAHSWTKIRYMKGHDVEDTDRNSLEVFTTGECTVHGTMGHFIVATCPEGDSLTVAFVDKHKVRHACRIAYKHRVPVLGREHFTVRPHHGVELPCTTYAMRTSVTTEEIEMHVAHDVPDNTFLSKTGNKVKITPKGKSIRYNCTCGSKESGVTKQDKEFDNCEVSQCHTMVTAHDKWQFNSPYVPRAGSGKKGKIHVPFPLSNSTCRVPLAPLPNTIPAKNGITLQLHPVAPTLLTYRTLGEKPEHHTEWISESCERTLPVPEEGLEYTWGNHAPVRLWAQLTTKGSAHGMPHEIFSYYYGLYPATTVAVCVGLACVILLALSASCCLCVSARNKCLTPYALTPGAVVPCTLSLLCCAPRAKAATFAETAAYLWAENQTVFWMQFAIPVACFMIVTYCLRHLMLCCRTASFLVAVSLGMGATQAYEHSVTLPNAVGFPYRAHVDRPGFSPLTLHMEVVSTSLEPTLALDYVTCEYKTVVPSPKVTCCGMSECAHQQKADFQCKVYTGVYPFLWGGAYCFCDSENTQLSEAYVERSEVCKHDHAAAYRAHTAALKAKISVTYGSTNGTAEAFVNGESTARIGDLKMILGPISTAWSPFDPKIVVYKDEVYNQDYPPYGSGQPGRFGDLQSRTTESNDVYANTALKLARPSAGTVHVPYTQTPSGFKYWLKEKGDALNHKAPFGCIIKTNPVRAENCAVGNIPVSLDIPDAAFTRIVDAPSLTGLKCEVATCTHSSDFGGTLVVEYKTDKVGTCAVHSESNTAVMQETSLSVTMDGRGTLHFSTASASPSFVLKVCSSKTTCTAKCVPPKDHVVPFPANHNNVVFPDFSSTAVSWLTHTMGGATVVIAIGITIFLIVTCIAFSRH,ATFAETAAYLWAENQTVFWMQFAIPVACFMIVTYCLRHLMLCCRTASFLVAVSLGMGATQA,759,819,61,type1_cleaved,TQA-YEH,curated_annotation,,,0.957,0.1,A,ATFAETAAYLWAENQTVFWMQFAIPVACFMIVTYCLRHLMLCCRTASFLVAVSLGMGA,TQA,Q80S27,1,alphavirus_E3,2026-02-17
Q86925,UniProt,,Aura virus,44158,Structural polyprotein [Assembly protein E3],,MNSVFYNPFGRGAYAQPPIAWRPRRRAAPAPRPSGLTTQIQQLTRAVRALVLDNATRRQRPAPRTRPRKPKTQKPKPKKQNQKPPQQQKKGKNQPQQPKKPKPGKRQRTALKFEADRTFVGKNEDGKIMGYAVAMEGKVIKPLHVKGTIDHPALAKLKFTKSSSYDMEFAKLPTEMKSDAFGYTTEHPEVFYNWHHGAVQFSGGRFTIPTGVGGPGDSGRPILDNSGKVVAIVLGGANEVPGTALSVVTWNKKGAAIKTTHEDTVEWSRAITAMCILQNVTFPCDRPPTCYNRNPDLTLTMLETNVNHPSYDVLLDAALRCPTRRHVRSTPTDDFTLTAPYLGLCHRCKTMEPCYSPIKIEKVWDDADDGVLRIQVSAQLGYNRAGTAASARLRFMGGGVPPEIQEGAIADFKVFTSKPCLHLSHKGYFVIVKCPPGDSITTSLKVHGSDQTCTIPMRVGYKFVGREKYTLPPMHGTQIPCLTYERTREKSAGYVTMHRPGQQSITMLMEESGGEVYVQPTSGRNVTYECKCGDFKTGTVTARTKIDGCTERKQCIAISADHVKWVFNSPDLIRHTDHTAQGKLHIPFPLQQAQCTVPLAHLPGVKHAYRSMSLTLHAEHPTLLTTRHLGENPQPTAEWIVGSVTRNFSITIQGFEYTWGNQKPVRVYAQESAPGNPHGWPHEIVRHYYHLYPFYTVTVLSGMGLAICAGLVISILCCCKARRDCLTPYQLAPNATVPFLVTLCCCFQRTSADEFTDTMGYLWQHSQTMFWIQLVIPLAAVITLVRCCSCCLPFLLVASPPNKADAYEHTITVPNAPLNSYKALVERPGYAPLNLEVMVMNTQIIPSVKREYITCRYHTVVPSPQIKCCGTVECPKGEKADYTCKVFTGVYPFLWGGAQCFCDSENSQLSDKYVELSTDCATDHAEAVRVHTASVKSQLRITYGNSTAQVDVFVNGVTPARSKDMKLIAGPLSTTFSPFDNKVIIYHGKVYNYDFPEFGAGTPGAFGDVQASSTTGSDLLANTAIHLQRPEARNIHVPYTQAPSGFEFWKNNSGQPLSDTAPFGCKVNVNPLRADKCAVGSLPISVDIPDAAFTRVSEPLPSLLKCTVTSCTYSTDYGGVLVLTYESDRAGQCAVHSHSSTAVLRDPSVYVEQKGETTLKFSTRSLQADFEVSMCGTRTTCHAQCQPPTEHVMNRPQKSTPDFSSAISKTSWNWITALMGGISSIAAIAAIVLVIALVFTAQHR,SRAITAMCILQNVTFPCDRPPTCYNRNPDLTLTMLETNVNHPSYDVLLDAALRCPTRRHVR,268,328,61,type1_cleaved,HVR-STP,curated_annotation,,,-0.31,2.2,SR,AITAMCILQNVTFPCDRPPTCYNRNPDLTLTMLETNVNHPSYDVLLDAAL,RCPTRRHVR,Q86925,1,alphavirus_E3,2026-02-17
Q86925,UniProt,,Aura virus,44158,Structural polyprotein [6K protein],,MNSVFYNPFGRGAYAQPPIAWRPRRRAAPAPRPSGLTTQIQQLTRAVRALVLDNATRRQRPAPRTRPRKPKTQKPKPKKQNQKPPQQQKKGKNQPQQPKKPKPGKRQRTALKFEADRTFVGKNEDGKIMGYAVAMEGKVIKPLHVKGTIDHPALAKLKFTKSSSYDMEFAKLPTEMKSDAFGYTTEHPEVFYNWHHGAVQFSGGRFTIPTGVGGPGDSGRPILDNSGKVVAIVLGGANEVPGTALSVVTWNKKGAAIKTTHEDTVEWSRAITAMCILQNVTFPCDRPPTCYNRNPDLTLTMLETNVNHPSYDVLLDAALRCPTRRHVRSTPTDDFTLTAPYLGLCHRCKTMEPCYSPIKIEKVWDDADDGVLRIQVSAQLGYNRAGTAASARLRFMGGGVPPEIQEGAIADFKVFTSKPCLHLSHKGYFVIVKCPPGDSITTSLKVHGSDQTCTIPMRVGYKFVGREKYTLPPMHGTQIPCLTYERTREKSAGYVTMHRPGQQSITMLMEESGGEVYVQPTSGRNVTYECKCGDFKTGTVTARTKIDGCTERKQCIAISADHVKWVFNSPDLIRHTDHTAQGKLHIPFPLQQAQCTVPLAHLPGVKHAYRSMSLTLHAEHPTLLTTRHLGENPQPTAEWIVGSVTRNFSITIQGFEYTWGNQKPVRVYAQESAPGNPHGWPHEIVRHYYHLYPFYTVTVLSGMGLAICAGLVISILCCCKARRDCLTPYQLAPNATVPFLVTLCCCFQRTSADEFTDTMGYLWQHSQTMFWIQLVIPLAAVITLVRCCSCCLPFLLVASPPNKADAYEHTITVPNAPLNSYKALVERPGYAPLNLEVMVMNTQIIPSVKREYITCRYHTVVPSPQIKCCGTVECPKGEKADYTCKVFTGVYPFLWGGAQCFCDSENSQLSDKYVELSTDCATDHAEAVRVHTASVKSQLRITYGNSTAQVDVFVNGVTPARSKDMKLIAGPLSTTFSPFDNKVIIYHGKVYNYDFPEFGAGTPGAFGDVQASSTTGSDLLANTAIHLQRPEARNIHVPYTQAPSGFEFWKNNSGQPLSDTAPFGCKVNVNPLRADKCAVGSLPISVDIPDAAFTRVSEPLPSLLKCTVTSCTYSTDYGGVLVLTYESDRAGQCAVHSHSSTAVLRDPSVYVEQKGETTLKFSTRSLQADFEVSMCGTRTTCHAQCQPPTEHVMNRPQKSTPDFSSAISKTSWNWITALMGGISSIAAIAAIVLVIALVFTAQHR,ADEFTDTMGYLWQHSQTMFWIQLVIPLAAVITLVRCCSCCLPFLLVASPPNKADA,752,806,55,type1_cleaved,ADA-YEH,curated_annotation,,,0.64,-1.9,ADEFTDTMGYLWQHSQ,TMFWIQLVIPLAAVITLVRCCSCCLPFLLVAS,PPNKADA,Q86925,1,alphavirus_E3,2026-02-17
Q8JJX0,UniProt,,Alphavirus salmon subtype 1,84589,Structural polyprotein [Assembly protein E3],,MFPMQFTNSAYRQMEPMFAPGSRGQVQPYRPRTKRRQEPQVGNAAITALANQMSALQLQVAGLAGQARVDRRGPRRVQKNKQKKKNSSNGEKPKEKKKKQKQQEKKGSGGEKVKKTRNRPGKEVRISVKCARQSTFPVYHEGAISGYAVLIGSRVFKPAHVKGKIDHPELADIKFQVAEDMDLEAAAYPKSMRDQAAEPATMMDRVYNWEYGTIRVEDNVIIDASGRGKPGDSGRAITDNSGKVVGIVLGGGPDGRRTRLSVIGFDKKMKAREIAYSDAIPWTRAPALLLLPMVIVCTYNSNTFDCSKPSCQDCCITAEPEKAMTMLKDNLNDPNYWDLLIAVTTCGSARRKRAVSTSPAAFYDTQILAAHAAASPYRAYCPDCDGTACISPIAIDEVVSSGSDHVLRMRVGSQSGVTAKGGAAGETSLRYLGRDGKVHAADNTRLVVRTTAKCDVLQATGHYILANCPVGQSLTVAATLDGTRHQCTTVFEHQVTEKFTRERSKGHHLSDMTKKCTRFSTTPKKSALYLVDVYDALPISVEISTVVTCSDSQCTVRVPPGTTVKFDKKCKSADSATVTFTSDSQTFTCEEPVLTAASITQGKPHLRSAMLPSGGKEVKARIPFPFPPETATCRVSVAPLPSITYEESDVLLAGTAKYPVLLTTRNLGFHSNATSEWIQGKYLRRIPVTPQGIELTWGNNAPMHFWSSVRYASGDADAYPWELLVYHTKHHPEYAWAFVGVACGLLAIAACMFACACSRVRYSLVANTFNSNPPPLTALTAALCCIPGARADQPYLDIIAYLWTNSKVAFGLQFAAPVACVLIITYALRHCRLCCKSFLGVRGWSALLVILAYVQSCKSYEHTVVVPMDPRAPSYEAVINRNGYDPLKLTISVNFTVISPTTALEYWTCAGVPIVEPPHVGCCTSVSCPSDLSTLHAFTGKAVSDVHCDVHTNVYPLLWGAAHCFCSTENTQVSAVAATVSEFCAQDSERAEAFSVHSSSVTAEVLVTLGEVVTAVHVYVDGVTSARGTDLKIVAGPITTDYSPFDRKVVRIGEEVYNYDWPPYGAGRPGTFGDIQARSTNYVKPNDLYGDIGIEVLQPTNDHVHVAYTYTTSGLLRWLQDAPKPLSVTAPHGCKISANPLLALDCGVGAVPMSINIPDAKFTRKLKDPKPSALKCVVDSCEYGVDYGGAATITYEGHEAGKCGIHSLTPGVPLRTSVVEVVAGANTVKTTFSSPTPEVALEVEICSAIVKCAGECTPPKEHVVATRPRHGSDPGGYISGPAMRWAGGIVGTLVVLFLILAVIYCVVKKCRSKRIRIVKS,TRAPALLLLPMVIVCTYNSNTFDCSKPSCQDCCITAEPEKAMTMLKDNLNDPNYWDLLIAVTTCGSARRKR,283,353,71,type1_cleaved,RKR-AVS,curated_annotation,,,-0.117,1.0,TRA,PALLLLPMVIVCTYNSNTFDCSKPSCQDCCITAEPEKAMTMLKDNLNDPNYWDLLIAVT,TCGSARRKR,Q8JJX0,1,alphavirus_E3,2026-02-17
Q8JJX0,UniProt,,Alphavirus salmon subtype 1,84589,Structural polyprotein [6K protein],,MFPMQFTNSAYRQMEPMFAPGSRGQVQPYRPRTKRRQEPQVGNAAITALANQMSALQLQVAGLAGQARVDRRGPRRVQKNKQKKKNSSNGEKPKEKKKKQKQQEKKGSGGEKVKKTRNRPGKEVRISVKCARQSTFPVYHEGAISGYAVLIGSRVFKPAHVKGKIDHPELADIKFQVAEDMDLEAAAYPKSMRDQAAEPATMMDRVYNWEYGTIRVEDNVIIDASGRGKPGDSGRAITDNSGKVVGIVLGGGPDGRRTRLSVIGFDKKMKAREIAYSDAIPWTRAPALLLLPMVIVCTYNSNTFDCSKPSCQDCCITAEPEKAMTMLKDNLNDPNYWDLLIAVTTCGSARRKRAVSTSPAAFYDTQILAAHAAASPYRAYCPDCDGTACISPIAIDEVVSSGSDHVLRMRVGSQSGVTAKGGAAGETSLRYLGRDGKVHAADNTRLVVRTTAKCDVLQATGHYILANCPVGQSLTVAATLDGTRHQCTTVFEHQVTEKFTRERSKGHHLSDMTKKCTRFSTTPKKSALYLVDVYDALPISVEISTVVTCSDSQCTVRVPPGTTVKFDKKCKSADSATVTFTSDSQTFTCEEPVLTAASITQGKPHLRSAMLPSGGKEVKARIPFPFPPETATCRVSVAPLPSITYEESDVLLAGTAKYPVLLTTRNLGFHSNATSEWIQGKYLRRIPVTPQGIELTWGNNAPMHFWSSVRYASGDADAYPWELLVYHTKHHPEYAWAFVGVACGLLAIAACMFACACSRVRYSLVANTFNSNPPPLTALTAALCCIPGARADQPYLDIIAYLWTNSKVAFGLQFAAPVACVLIITYALRHCRLCCKSFLGVRGWSALLVILAYVQSCKSYEHTVVVPMDPRAPSYEAVINRNGYDPLKLTISVNFTVISPTTALEYWTCAGVPIVEPPHVGCCTSVSCPSDLSTLHAFTGKAVSDVHCDVHTNVYPLLWGAAHCFCSTENTQVSAVAATVSEFCAQDSERAEAFSVHSSSVTAEVLVTLGEVVTAVHVYVDGVTSARGTDLKIVAGPITTDYSPFDRKVVRIGEEVYNYDWPPYGAGRPGTFGDIQARSTNYVKPNDLYGDIGIEVLQPTNDHVHVAYTYTTSGLLRWLQDAPKPLSVTAPHGCKISANPLLALDCGVGAVPMSINIPDAKFTRKLKDPKPSALKCVVDSCEYGVDYGGAATITYEGHEAGKCGIHSLTPGVPLRTSVVEVVAGANTVKTTFSSPTPEVALEVEICSAIVKCAGECTPPKEHVVATRPRHGSDPGGYISGPAMRWAGGIVGTLVVLFLILAVIYCVVKKCRSKRIRIVKS,DQPYLDIIAYLWTNSKVAFGLQFAAPVACVLIITYALRHCRLCCKSFLGVRGWSALLVILAYVQSCKS,792,859,68,type1_cleaved,CKS-YEH,curated_annotation,,,0.806,4.1,DQPY,LDIIAYLWTNSKVAFGLQFAAPVACVLIITYALRHCRLCCKSFLGVRGWSALLVILAYV,QSCKS,Q8JJX0,1,alphavirus_E3,2026-02-17
Q8JUX5,UniProt,,Chikungunya virus (strain S27-African prototype),371094,Structural polyprotein [6K protein],,MEFIPTQTFYNRRYQPRPWTPRPTIQVIRPRPRPQRQAGQLAQLISAVNKLTMRAVPQQKPRRNRKNKKQKQKQQAPQNNTNQKKQPPKKKPAQKKKKPGRRERMCMKIENDCIFEVKHEGKVTGYACLVGDKVMKPAHVKGTIDNADLAKLAFKRSSKYDLECAQIPVHMKSDASKFTHEKPEGYYNWHHGAVQYSGGRFTIPTGAGKPGDSGRPIFDNKGRVVAIVLGGANEGARTALSVVTWNKDIVTKITPEGAEEWSLAIPVMCLLANTTFPCSQPPCIPCCYEKEPEETLRMLEDNVMRPGYYQLLQASLTCSPHRQRRSTKDNFNVYKATRPYLAHCPDCGEGHSCHSPVALERIRNEATDGTLKIQVSLQIGIGTDDSHDWTKLRYMDNHIPADAGRAGLFVRTSAPCTITGTMGHFILARCPKGETLTVGFTDSRKISHSCTHPFHHDPPVIGREKFHSRPQHGKELPCSTYVQSNAATAEEIEVHMPPDTPDRTLLSQQSGNVKITVNGRTVRYKCNCGGSNEGLITTDKVINNCKVDQCHAAVTNHKKWQYNSPLVPRNAELGDRKGKIHIPFPLANVTCMVPKARNPTVTYGKNQVIMLLYPDHPTLLSYRSMGEEPNYQEEWVTHKKEVVLTVPTEGLEVTWGNNEPYKYWPQLSANGTAHGHPHEIILYYYELYPTMTVVVVSVASFILLSMVGMAVGMCMCARRRCITPYELTPGATVPFLLSLICCIRTAKAATYQEAAVYLWNEQQPLFWLQALIPLAALIVLCNCLRLLPCCCKTLAFLAVMSIGAHTVSAYEHVTVIPNTVGVPYKTLVNRPGYSPMVLEMELLSVTLEPTLSLDYITCEYKTVIPSPYVKCCGTAECKDKNLPDYSCKVFTGVYPFMWGGAYCFCDAENTQLSEAHVEKSESCKTEFASAYRAHTASASAKLRVLYQGNNITVTAYANGDHAVTVKDAKFIVGPMSSAWTPFDNKIVVYKGDVYNMDYPPFGAGRPGQFGDIQSRTPESKDVYANTQLVLQRPAAGTVHVPYSQAPSGFKYWLKERGASLQHTAPFGCQIATNPVRAMNCAVGNMPISIDIPDAAFTRVVDAPSLTDMSCEVPACTHSSDFGGVAIIKYAVSKKGKCAVHSMTNAVTIREAEIEVEGNSQLQISFSTALASAEFRVQVCSTQVHCAAECHPPKDHIVNYPASHTTLGVQDISATAMSWVQKITGGVGLVVAVAALILIVVLCVSFSRH,ATYQEAAVYLWNEQQPLFWLQALIPLAALIVLCNCLRLLPCCCKTLAFLAVMSIGAHTVSA,749,809,61,type1_cleaved,VSA-YEH,curated_annotation,CHIKV,,1.0,0.1,ATYQE,AAVYLWNEQQPLFWLQALIPLAALIVLCNCLRLLPCCCKTLAFLAVMSIGAHTVS,A,Q8JUX5,1,alphavirus_E3,2026-02-17
Q9JGK8,UniProt,,Sagiyama virus,59303,Structural polyprotein [6K protein],,MNYIPTQTFYGRRWRPRPAFRPWRVPMQPAPPMVIPELQTPIVQAQQMQQLISAVSALTTKQNGKAPKKPKKKPQKAKAKKNEQQKKNENKKPPPKQKNLAKKKKPGKRERMCMKIENDCIFEVKLDGKVTGYACLVGDKVMKPAHVKGVIDNPDLAKLTYKKSSKYDLECAQIPVHMKSDASKYTHEKPEGHYNWHHGAVQYSGGRFTIPTGAGKPGDSGRPIFDNKGRVVAIVLGGANEGARTALSVVTWTKDMVTRYTPEGTEEWSAALMMCVLANVTFPCSEPACAPCCYEKQPEQTLRMLEDNVDRPGYYDLLEATMTCNNSARHRRSVTEHFNVYKATKPYLAYCADCGDGQFCYSPVAIEKIRDEASDGMIKIQVAAQIGINKRGTHEHNKIRYIVGHYMKEANRDSLQVHTSGVCAIRGTMGHFIVAYCPPGDELKVQFQDAESHTQACKVQYKHDPAPVGREKFTVRPHFGIEVPCTTYQLTTAPTEEEIDMHTPPDIPDITLLSQQSGDVKITAGGKTIRYNCTCGSGNVGTTSSDKTINSCKIAQCHAAVTNHDKWQYTSSFVPRADQLPRKGKVHVPFPLTNSTCRVPLARAPGVTYGKRELTVKLHPDHPTLLTYRSLGADPRPYEEWIDRYVERTIPVTEDGIEYRWGNNPPVRLWAQLTTEGKPHGWPHEIILYYYGLYPAATIAAVSAAGLAVVLSLLASCYMFATARRKCLTPYALTPGAVVPVTLGVLCCAPRAHAASFAESMAYLWDENQTLFWLELATPLAAIIILVCCLKNLLCCCQPLSFLVLVSLGTPVVKSYEHTATIPNVVGFPYKAHIERNGFSPMTLQLEVLGTSLEPTLNLEYITCEYKTVVPPPYIKCCGASECRSMERPDYQCQVYTGVYPFMWGGAYCFCDTENTQLSEAYVDRSDVCKHDHAAAYKAHTAAMKATIRISYGNLNQTTTAFVNGEHTVTVGGSRFTFGPISTAWTPFDNKIVVYKNDVYNQDFPPYGSGQPGRFGDVQSRTVESKDLYANTALKLSRPSSGTVHVPYTQTPSGFKYWIKERGTSLNDKAPFGCVIKTNPVRAENCAVGNIPVSMDIPDSAFTRVIDAPAVTNLECQVAVCTHSSDFGGIATLTFKTDKPGKCAVHSHSNVATIQEAAVDIKTDGKITLHFSTASASPAFMVSVCSAKTTCMAACEPPKDHIVPYGASHNNQVFPDMSGTAMTWVQRVAGGLGGLTLAAVAALILVTCVTMRR,ASFAESMAYLWDENQTLFWLELATPLAAIIILVCCLKNLLCCCQPLSFLVLVSLGTPVVKS,755,815,61,type1_cleaved,VKS-YEH,curated_annotation,,,1.103,-2.0,A,ASFAESMAYLWDENQTLFWLELATPLAAIIILVCCLKNLLCCCQPLSFLVLVSLGTPVVK,S,Q9JGK8,1,alphavirus_E3,2026-02-17
